{
  "type": "Feature",
  "properties": {
    "name": "川南城市线",
    "source": "OSRM driving route snapshot",
    "retrieved": "2026-08-04"
  },
  "geometry": {
    "coordinates": [
      [
        104.066298,
        30.572795
      ],
      [
        104.066286,
        30.573173
      ],
      [
        104.066246,
        30.574488
      ],
      [
        104.066361,
        30.57449
      ],
      [
        104.067964,
        30.574544
      ],
      [
        104.068404,
        30.574553
      ],
      [
        104.069162,
        30.574568
      ],
      [
        104.069489,
        30.574569
      ],
      [
        104.069494,
        30.574378
      ],
      [
        104.069496,
        30.574289
      ],
      [
        104.069538,
        30.573059
      ],
      [
        104.069497,
        30.572706
      ],
      [
        104.069467,
        30.572417
      ],
      [
        104.069474,
        30.572105
      ],
      [
        104.069503,
        30.571753
      ],
      [
        104.069595,
        30.571287
      ],
      [
        104.069576,
        30.571032
      ],
      [
        104.06947,
        30.5697
      ],
      [
        104.069456,
        30.569132
      ],
      [
        104.069431,
        30.568934
      ],
      [
        104.069399,
        30.568819
      ],
      [
        104.069361,
        30.568729
      ],
      [
        104.069306,
        30.568645
      ],
      [
        104.06924,
        30.56858
      ],
      [
        104.069147,
        30.568506
      ],
      [
        104.06897,
        30.568434
      ],
      [
        104.068768,
        30.568395
      ],
      [
        104.068385,
        30.568369
      ],
      [
        104.067408,
        30.568278
      ],
      [
        104.065443,
        30.568218
      ],
      [
        104.06364,
        30.56817
      ],
      [
        104.062172,
        30.568128
      ],
      [
        104.060462,
        30.568109
      ],
      [
        104.059583,
        30.568133
      ],
      [
        104.058671,
        30.568197
      ],
      [
        104.058191,
        30.568243
      ],
      [
        104.057458,
        30.568336
      ],
      [
        104.05688,
        30.568417
      ],
      [
        104.056404,
        30.568503
      ],
      [
        104.05606,
        30.568571
      ],
      [
        104.055705,
        30.56865
      ],
      [
        104.055175,
        30.568779
      ],
      [
        104.054153,
        30.569032
      ],
      [
        104.049121,
        30.570504
      ],
      [
        104.04682,
        30.571104
      ],
      [
        104.044299,
        30.571776
      ],
      [
        104.043559,
        30.571974
      ],
      [
        104.041384,
        30.572576
      ],
      [
        104.040096,
        30.572939
      ],
      [
        104.037405,
        30.573754
      ],
      [
        104.036371,
        30.57405
      ],
      [
        104.034286,
        30.574655
      ],
      [
        104.032306,
        30.5752
      ],
      [
        104.031669,
        30.575499
      ],
      [
        104.031057,
        30.575685
      ],
      [
        104.030626,
        30.57581
      ],
      [
        104.03023,
        30.575991
      ],
      [
        104.030012,
        30.576108
      ],
      [
        104.029629,
        30.576438
      ],
      [
        104.029207,
        30.576712
      ],
      [
        104.028751,
        30.57685
      ],
      [
        104.028318,
        30.57685
      ],
      [
        104.028011,
        30.576791
      ],
      [
        104.025853,
        30.576164
      ],
      [
        104.02562,
        30.576088
      ],
      [
        104.025378,
        30.575975
      ],
      [
        104.025217,
        30.575856
      ],
      [
        104.025083,
        30.575714
      ],
      [
        104.024977,
        30.575503
      ],
      [
        104.024942,
        30.575269
      ],
      [
        104.024957,
        30.575077
      ],
      [
        104.025099,
        30.574424
      ],
      [
        104.025098,
        30.57419
      ],
      [
        104.025011,
        30.573762
      ],
      [
        104.024865,
        30.573286
      ],
      [
        104.024668,
        30.572832
      ],
      [
        104.024589,
        30.572721
      ],
      [
        104.024401,
        30.572363
      ],
      [
        104.024129,
        30.57174
      ],
      [
        104.024058,
        30.571569
      ],
      [
        104.023965,
        30.571304
      ],
      [
        104.023946,
        30.571221
      ],
      [
        104.023891,
        30.570981
      ],
      [
        104.023904,
        30.570581
      ],
      [
        104.023747,
        30.570175
      ],
      [
        104.023511,
        30.569617
      ],
      [
        104.022749,
        30.568005
      ],
      [
        104.02209,
        30.566731
      ],
      [
        104.021794,
        30.566168
      ],
      [
        104.020203,
        30.563497
      ],
      [
        104.015698,
        30.556047
      ],
      [
        104.0151,
        30.555099
      ],
      [
        104.012504,
        30.550935
      ],
      [
        104.010777,
        30.548794
      ],
      [
        104.008602,
        30.546486
      ],
      [
        104.006756,
        30.544856
      ],
      [
        104.004464,
        30.54314
      ],
      [
        104.003307,
        30.542362
      ],
      [
        104.002785,
        30.542019
      ],
      [
        104.000198,
        30.540506
      ],
      [
        103.998988,
        30.539727
      ],
      [
        103.998446,
        30.539334
      ],
      [
        103.998014,
        30.539015
      ],
      [
        103.997575,
        30.538665
      ],
      [
        103.996663,
        30.537841
      ],
      [
        103.995169,
        30.53635
      ],
      [
        103.993181,
        30.534343
      ],
      [
        103.991164,
        30.532204
      ],
      [
        103.989614,
        30.530582
      ],
      [
        103.988387,
        30.529385
      ],
      [
        103.987992,
        30.528963
      ],
      [
        103.986915,
        30.527803
      ],
      [
        103.986737,
        30.52761
      ],
      [
        103.984105,
        30.524735
      ],
      [
        103.983494,
        30.524049
      ],
      [
        103.982212,
        30.522284
      ],
      [
        103.981079,
        30.520485
      ],
      [
        103.979534,
        30.517742
      ],
      [
        103.978801,
        30.516465
      ],
      [
        103.977737,
        30.514824
      ],
      [
        103.976648,
        30.513433
      ],
      [
        103.97491,
        30.511487
      ],
      [
        103.972571,
        30.50907
      ],
      [
        103.971564,
        30.508063
      ],
      [
        103.970173,
        30.506672
      ],
      [
        103.967834,
        30.504314
      ],
      [
        103.966407,
        30.50278
      ],
      [
        103.965611,
        30.501808
      ],
      [
        103.96482,
        30.500779
      ],
      [
        103.96379,
        30.499309
      ],
      [
        103.962915,
        30.49783
      ],
      [
        103.962014,
        30.496147
      ],
      [
        103.960995,
        30.493919
      ],
      [
        103.960444,
        30.492774
      ],
      [
        103.95952,
        30.49085
      ],
      [
        103.958409,
        30.488428
      ],
      [
        103.957523,
        30.486672
      ],
      [
        103.95592,
        30.483948
      ],
      [
        103.954321,
        30.481526
      ],
      [
        103.952607,
        30.479089
      ],
      [
        103.950679,
        30.476389
      ],
      [
        103.948978,
        30.474004
      ],
      [
        103.947556,
        30.471694
      ],
      [
        103.94638,
        30.469211
      ],
      [
        103.945183,
        30.466284
      ],
      [
        103.944803,
        30.46523
      ],
      [
        103.944591,
        30.464683
      ],
      [
        103.943593,
        30.462214
      ],
      [
        103.942386,
        30.459344
      ],
      [
        103.941411,
        30.45736
      ],
      [
        103.940205,
        30.455417
      ],
      [
        103.939085,
        30.453862
      ],
      [
        103.937556,
        30.452049
      ],
      [
        103.936452,
        30.450849
      ],
      [
        103.935052,
        30.449566
      ],
      [
        103.933244,
        30.448018
      ],
      [
        103.930249,
        30.445504
      ],
      [
        103.928402,
        30.44381
      ],
      [
        103.926589,
        30.441962
      ],
      [
        103.92287,
        30.43791
      ],
      [
        103.919892,
        30.434606
      ],
      [
        103.916582,
        30.430939
      ],
      [
        103.914178,
        30.428287
      ],
      [
        103.91192,
        30.425774
      ],
      [
        103.911348,
        30.42513
      ],
      [
        103.909323,
        30.422831
      ],
      [
        103.908903,
        30.422353
      ],
      [
        103.907636,
        30.42077
      ],
      [
        103.907202,
        30.420205
      ],
      [
        103.906696,
        30.419449
      ],
      [
        103.905914,
        30.418248
      ],
      [
        103.904967,
        30.416757
      ],
      [
        103.903947,
        30.415003
      ],
      [
        103.902628,
        30.412588
      ],
      [
        103.902244,
        30.411743
      ],
      [
        103.902081,
        30.411458
      ],
      [
        103.901811,
        30.410988
      ],
      [
        103.900999,
        30.409535
      ],
      [
        103.900071,
        30.408114
      ],
      [
        103.89938,
        30.407092
      ],
      [
        103.898965,
        30.406478
      ],
      [
        103.898826,
        30.406304
      ],
      [
        103.898503,
        30.405857
      ],
      [
        103.897983,
        30.405177
      ],
      [
        103.897551,
        30.404612
      ],
      [
        103.897334,
        30.404335
      ],
      [
        103.896817,
        30.403684
      ],
      [
        103.895175,
        30.401795
      ],
      [
        103.89486,
        30.401452
      ],
      [
        103.894193,
        30.400742
      ],
      [
        103.893581,
        30.400102
      ],
      [
        103.892954,
        30.399532
      ],
      [
        103.89287,
        30.39946
      ],
      [
        103.892001,
        30.39857
      ],
      [
        103.889359,
        30.395993
      ],
      [
        103.885999,
        30.392758
      ],
      [
        103.884601,
        30.391407
      ],
      [
        103.883365,
        30.39029
      ],
      [
        103.880838,
        30.387765
      ],
      [
        103.879179,
        30.386251
      ],
      [
        103.87863,
        30.385788
      ],
      [
        103.878093,
        30.385381
      ],
      [
        103.877395,
        30.384903
      ],
      [
        103.876203,
        30.384052
      ],
      [
        103.875178,
        30.38345
      ],
      [
        103.874436,
        30.383006
      ],
      [
        103.873332,
        30.382464
      ],
      [
        103.872686,
        30.382155
      ],
      [
        103.871379,
        30.381562
      ],
      [
        103.871276,
        30.381515
      ],
      [
        103.869536,
        30.380876
      ],
      [
        103.868752,
        30.380631
      ],
      [
        103.867732,
        30.380328
      ],
      [
        103.866036,
        30.379883
      ],
      [
        103.86488,
        30.379619
      ],
      [
        103.860868,
        30.378675
      ],
      [
        103.858136,
        30.377996
      ],
      [
        103.856753,
        30.377666
      ],
      [
        103.856098,
        30.377489
      ],
      [
        103.855189,
        30.377199
      ],
      [
        103.854524,
        30.376945
      ],
      [
        103.853496,
        30.376525
      ],
      [
        103.852412,
        30.376026
      ],
      [
        103.851806,
        30.37572
      ],
      [
        103.851038,
        30.375276
      ],
      [
        103.850297,
        30.374777
      ],
      [
        103.849798,
        30.374465
      ],
      [
        103.849428,
        30.37418
      ],
      [
        103.849006,
        30.373848
      ],
      [
        103.848371,
        30.373303
      ],
      [
        103.847995,
        30.372976
      ],
      [
        103.847591,
        30.372569
      ],
      [
        103.847144,
        30.372115
      ],
      [
        103.846731,
        30.371653
      ],
      [
        103.846241,
        30.371088
      ],
      [
        103.845879,
        30.370662
      ],
      [
        103.845718,
        30.370441
      ],
      [
        103.845565,
        30.370211
      ],
      [
        103.845409,
        30.369976
      ],
      [
        103.845026,
        30.369399
      ],
      [
        103.844698,
        30.368853
      ],
      [
        103.844588,
        30.368655
      ],
      [
        103.84434,
        30.368167
      ],
      [
        103.844089,
        30.367665
      ],
      [
        103.843826,
        30.367039
      ],
      [
        103.84348,
        30.366093
      ],
      [
        103.843318,
        30.365636
      ],
      [
        103.843103,
        30.364783
      ],
      [
        103.84295,
        30.364181
      ],
      [
        103.842696,
        30.362913
      ],
      [
        103.842522,
        30.361931
      ],
      [
        103.842387,
        30.361334
      ],
      [
        103.842133,
        30.359942
      ],
      [
        103.841934,
        30.358927
      ],
      [
        103.841744,
        30.357961
      ],
      [
        103.841451,
        30.356418
      ],
      [
        103.841355,
        30.355879
      ],
      [
        103.841207,
        30.355083
      ],
      [
        103.840714,
        30.352775
      ],
      [
        103.840191,
        30.350734
      ],
      [
        103.839849,
        30.349583
      ],
      [
        103.839383,
        30.348124
      ],
      [
        103.838807,
        30.34648
      ],
      [
        103.838353,
        30.345104
      ],
      [
        103.838316,
        30.345003
      ],
      [
        103.838004,
        30.344147
      ],
      [
        103.83753,
        30.342563
      ],
      [
        103.837191,
        30.341367
      ],
      [
        103.836898,
        30.340146
      ],
      [
        103.836656,
        30.339058
      ],
      [
        103.836465,
        30.337984
      ],
      [
        103.836361,
        30.337485
      ],
      [
        103.836262,
        30.336875
      ],
      [
        103.836106,
        30.335645
      ],
      [
        103.836039,
        30.335181
      ],
      [
        103.836024,
        30.335013
      ],
      [
        103.835797,
        30.332942
      ],
      [
        103.835459,
        30.329987
      ],
      [
        103.835402,
        30.329378
      ],
      [
        103.835313,
        30.328269
      ],
      [
        103.835153,
        30.3268
      ],
      [
        103.83505,
        30.325991
      ],
      [
        103.834924,
        30.325206
      ],
      [
        103.834817,
        30.324674
      ],
      [
        103.834653,
        30.324039
      ],
      [
        103.834584,
        30.323778
      ],
      [
        103.834353,
        30.323041
      ],
      [
        103.834111,
        30.322358
      ],
      [
        103.833906,
        30.32186
      ],
      [
        103.833763,
        30.321527
      ],
      [
        103.833584,
        30.321148
      ],
      [
        103.833395,
        30.32078
      ],
      [
        103.833212,
        30.320429
      ],
      [
        103.833005,
        30.320051
      ],
      [
        103.832731,
        30.319598
      ],
      [
        103.832397,
        30.319073
      ],
      [
        103.832086,
        30.318623
      ],
      [
        103.831851,
        30.318301
      ],
      [
        103.831255,
        30.317543
      ],
      [
        103.830654,
        30.316867
      ],
      [
        103.830116,
        30.316303
      ],
      [
        103.82948,
        30.315691
      ],
      [
        103.828525,
        30.314806
      ],
      [
        103.827842,
        30.31422
      ],
      [
        103.826323,
        30.312845
      ],
      [
        103.826217,
        30.312751
      ],
      [
        103.823522,
        30.310229
      ],
      [
        103.820845,
        30.307845
      ],
      [
        103.818088,
        30.305451
      ],
      [
        103.816555,
        30.304112
      ],
      [
        103.815929,
        30.303614
      ],
      [
        103.815793,
        30.303508
      ],
      [
        103.815338,
        30.303182
      ],
      [
        103.814697,
        30.302722
      ],
      [
        103.813676,
        30.302073
      ],
      [
        103.813467,
        30.301949
      ],
      [
        103.811727,
        30.301008
      ],
      [
        103.809623,
        30.300015
      ],
      [
        103.809367,
        30.299904
      ],
      [
        103.806258,
        30.298627
      ],
      [
        103.804104,
        30.297723
      ],
      [
        103.802395,
        30.296885
      ],
      [
        103.801105,
        30.29611
      ],
      [
        103.800992,
        30.296044
      ],
      [
        103.799597,
        30.294988
      ],
      [
        103.798729,
        30.294268
      ],
      [
        103.796815,
        30.292849
      ],
      [
        103.794138,
        30.290619
      ],
      [
        103.792245,
        30.289221
      ],
      [
        103.791284,
        30.288578
      ],
      [
        103.788248,
        30.286755
      ],
      [
        103.786157,
        30.285578
      ],
      [
        103.785142,
        30.284956
      ],
      [
        103.77997,
        30.282097
      ],
      [
        103.777894,
        30.281006
      ],
      [
        103.773828,
        30.278732
      ],
      [
        103.772775,
        30.278181
      ],
      [
        103.771654,
        30.277725
      ],
      [
        103.770471,
        30.277359
      ],
      [
        103.769273,
        30.277132
      ],
      [
        103.768053,
        30.277029
      ],
      [
        103.766809,
        30.277071
      ],
      [
        103.765604,
        30.277241
      ],
      [
        103.764459,
        30.277502
      ],
      [
        103.757768,
        30.279831
      ],
      [
        103.755533,
        30.28056
      ],
      [
        103.753282,
        30.281117
      ],
      [
        103.752107,
        30.281334
      ],
      [
        103.750917,
        30.281447
      ],
      [
        103.748514,
        30.281447
      ],
      [
        103.747385,
        30.281349
      ],
      [
        103.740724,
        30.281054
      ],
      [
        103.738267,
        30.280869
      ],
      [
        103.737024,
        30.280695
      ],
      [
        103.734605,
        30.280146
      ],
      [
        103.733484,
        30.2798
      ],
      [
        103.729272,
        30.27821
      ],
      [
        103.728174,
        30.277897
      ],
      [
        103.72587,
        30.27742
      ],
      [
        103.724695,
        30.277283
      ],
      [
        103.723527,
        30.277227
      ],
      [
        103.721094,
        30.277311
      ],
      [
        103.719842,
        30.277443
      ],
      [
        103.717401,
        30.277784
      ],
      [
        103.716226,
        30.277905
      ],
      [
        103.715044,
        30.277958
      ],
      [
        103.713853,
        30.277977
      ],
      [
        103.712656,
        30.277928
      ],
      [
        103.709131,
        30.277584
      ],
      [
        103.707956,
        30.277512
      ],
      [
        103.706766,
        30.277527
      ],
      [
        103.70556,
        30.277609
      ],
      [
        103.70437,
        30.277777
      ],
      [
        103.70318,
        30.278029
      ],
      [
        103.699579,
        30.278881
      ],
      [
        103.698363,
        30.279065
      ],
      [
        103.69597,
        30.2794
      ],
      [
        103.692575,
        30.279596
      ],
      [
        103.689149,
        30.279862
      ],
      [
        103.684351,
        30.280108
      ],
      [
        103.683069,
        30.280096
      ],
      [
        103.681802,
        30.279945
      ],
      [
        103.680536,
        30.279688
      ],
      [
        103.679323,
        30.279316
      ],
      [
        103.678163,
        30.278845
      ],
      [
        103.673692,
        30.27677
      ],
      [
        103.672517,
        30.276285
      ],
      [
        103.671297,
        30.275858
      ],
      [
        103.670053,
        30.27552
      ],
      [
        103.668779,
        30.275259
      ],
      [
        103.667505,
        30.275091
      ],
      [
        103.663744,
        30.274851
      ],
      [
        103.662447,
        30.274723
      ],
      [
        103.66118,
        30.274494
      ],
      [
        103.659906,
        30.274178
      ],
      [
        103.658655,
        30.273768
      ],
      [
        103.657465,
        30.273279
      ],
      [
        103.656351,
        30.272717
      ],
      [
        103.65529,
        30.272087
      ],
      [
        103.654314,
        30.271406
      ],
      [
        103.653001,
        30.270422
      ],
      [
        103.647661,
        30.266371
      ],
      [
        103.644823,
        30.264061
      ],
      [
        103.639017,
        30.258895
      ],
      [
        103.638706,
        30.258629
      ],
      [
        103.637837,
        30.257886
      ],
      [
        103.63672,
        30.256933
      ],
      [
        103.635357,
        30.255871
      ],
      [
        103.621584,
        30.245133
      ],
      [
        103.619592,
        30.243698
      ],
      [
        103.61654,
        30.241718
      ],
      [
        103.604105,
        30.234173
      ],
      [
        103.601877,
        30.232851
      ],
      [
        103.601806,
        30.232816
      ],
      [
        103.59957,
        30.231638
      ],
      [
        103.597629,
        30.230695
      ],
      [
        103.594163,
        30.229212
      ],
      [
        103.593027,
        30.228746
      ],
      [
        103.589426,
        30.227421
      ],
      [
        103.584213,
        30.225536
      ],
      [
        103.584042,
        30.225477
      ],
      [
        103.583096,
        30.22515
      ],
      [
        103.578245,
        30.223531
      ],
      [
        103.578062,
        30.223468
      ],
      [
        103.577468,
        30.223283
      ],
      [
        103.576356,
        30.222874
      ],
      [
        103.572996,
        30.221678
      ],
      [
        103.54828,
        30.212997
      ],
      [
        103.543573,
        30.2111
      ],
      [
        103.535402,
        30.207617
      ],
      [
        103.533967,
        30.206947
      ],
      [
        103.533151,
        30.20654
      ],
      [
        103.532172,
        30.20599
      ],
      [
        103.531374,
        30.205509
      ],
      [
        103.530451,
        30.204843
      ],
      [
        103.529759,
        30.204333
      ],
      [
        103.529128,
        30.203794
      ],
      [
        103.528502,
        30.203212
      ],
      [
        103.527915,
        30.202631
      ],
      [
        103.527711,
        30.202421
      ],
      [
        103.527146,
        30.20179
      ],
      [
        103.526464,
        30.200953
      ],
      [
        103.525233,
        30.199373
      ],
      [
        103.524636,
        30.19862
      ],
      [
        103.522516,
        30.196028
      ],
      [
        103.521692,
        30.195181
      ],
      [
        103.520753,
        30.194441
      ],
      [
        103.519708,
        30.193787
      ],
      [
        103.518594,
        30.193214
      ],
      [
        103.516091,
        30.192059
      ],
      [
        103.51582,
        30.191935
      ],
      [
        103.515192,
        30.191645
      ],
      [
        103.511987,
        30.189851
      ],
      [
        103.51053,
        30.188933
      ],
      [
        103.508454,
        30.18761
      ],
      [
        103.507027,
        30.186719
      ],
      [
        103.504488,
        30.18516
      ],
      [
        103.503419,
        30.184544
      ],
      [
        103.502208,
        30.183941
      ],
      [
        103.501627,
        30.183716
      ],
      [
        103.501259,
        30.183593
      ],
      [
        103.499872,
        30.183169
      ],
      [
        103.498613,
        30.182892
      ],
      [
        103.497346,
        30.182713
      ],
      [
        103.496103,
        30.182613
      ],
      [
        103.494882,
        30.182617
      ],
      [
        103.493684,
        30.182705
      ],
      [
        103.492464,
        30.182881
      ],
      [
        103.491258,
        30.183115
      ],
      [
        103.485216,
        30.184488
      ],
      [
        103.480249,
        30.185644
      ],
      [
        103.474157,
        30.187035
      ],
      [
        103.465379,
        30.189039
      ],
      [
        103.464075,
        30.189299
      ],
      [
        103.462785,
        30.189501
      ],
      [
        103.46029,
        30.189711
      ],
      [
        103.459032,
        30.189718
      ],
      [
        103.457742,
        30.189644
      ],
      [
        103.455807,
        30.189398
      ],
      [
        103.455141,
        30.18931
      ],
      [
        103.443948,
        30.18722
      ],
      [
        103.442705,
        30.186936
      ],
      [
        103.440309,
        30.186228
      ],
      [
        103.436945,
        30.184918
      ],
      [
        103.435853,
        30.18454
      ],
      [
        103.434763,
        30.184244
      ],
      [
        103.433656,
        30.184012
      ],
      [
        103.432542,
        30.183874
      ],
      [
        103.431428,
        30.18387
      ],
      [
        103.430292,
        30.183926
      ],
      [
        103.429147,
        30.184075
      ],
      [
        103.428103,
        30.184326
      ],
      [
        103.421098,
        30.186232
      ],
      [
        103.420603,
        30.186359
      ],
      [
        103.418039,
        30.187016
      ],
      [
        103.416994,
        30.187264
      ],
      [
        103.415903,
        30.187464
      ],
      [
        103.413614,
        30.187826
      ],
      [
        103.411188,
        30.188036
      ],
      [
        103.408701,
        30.188065
      ],
      [
        103.407411,
        30.188027
      ],
      [
        103.402399,
        30.187514
      ],
      [
        103.396173,
        30.186735
      ],
      [
        103.393655,
        30.186379
      ],
      [
        103.391191,
        30.185917
      ],
      [
        103.388765,
        30.185311
      ],
      [
        103.386354,
        30.184591
      ],
      [
        103.385164,
        30.184191
      ],
      [
        103.381397,
        30.182744
      ],
      [
        103.379807,
        30.182133
      ],
      [
        103.377588,
        30.18128
      ],
      [
        103.375925,
        30.180641
      ],
      [
        103.374788,
        30.180239
      ],
      [
        103.371278,
        30.179171
      ],
      [
        103.368822,
        30.178545
      ],
      [
        103.36757,
        30.178274
      ],
      [
        103.365022,
        30.177822
      ],
      [
        103.363771,
        30.177647
      ],
      [
        103.350885,
        30.176033
      ],
      [
        103.348276,
        30.175602
      ],
      [
        103.345766,
        30.175131
      ],
      [
        103.342065,
        30.174229
      ],
      [
        103.339639,
        30.173578
      ],
      [
        103.337335,
        30.17288
      ],
      [
        103.330469,
        30.170683
      ],
      [
        103.328065,
        30.169975
      ],
      [
        103.325609,
        30.169344
      ],
      [
        103.321962,
        30.168566
      ],
      [
        103.319452,
        30.168135
      ],
      [
        103.316927,
        30.167759
      ],
      [
        103.309427,
        30.166763
      ],
      [
        103.304315,
        30.166172
      ],
      [
        103.301775,
        30.165823
      ],
      [
        103.299318,
        30.165394
      ],
      [
        103.29574,
        30.164648
      ],
      [
        103.293397,
        30.164076
      ],
      [
        103.29117,
        30.163468
      ],
      [
        103.286684,
        30.162062
      ],
      [
        103.281246,
        30.160302
      ],
      [
        103.280896,
        30.160189
      ],
      [
        103.278366,
        30.159393
      ],
      [
        103.277842,
        30.159228
      ],
      [
        103.274723,
        30.158253
      ],
      [
        103.271638,
        30.157271
      ],
      [
        103.269319,
        30.156666
      ],
      [
        103.268121,
        30.156414
      ],
      [
        103.264421,
        30.155876
      ],
      [
        103.262003,
        30.155686
      ],
      [
        103.260278,
        30.15563
      ],
      [
        103.257945,
        30.155612
      ],
      [
        103.256349,
        30.155617
      ],
      [
        103.250481,
        30.155647
      ],
      [
        103.241014,
        30.155607
      ],
      [
        103.239387,
        30.155612
      ],
      [
        103.238126,
        30.155598
      ],
      [
        103.237195,
        30.15555
      ],
      [
        103.236552,
        30.155515
      ],
      [
        103.234743,
        30.155342
      ],
      [
        103.233484,
        30.155165
      ],
      [
        103.228693,
        30.154261
      ],
      [
        103.221689,
        30.152803
      ],
      [
        103.219316,
        30.152273
      ],
      [
        103.218126,
        30.151959
      ],
      [
        103.216989,
        30.151571
      ],
      [
        103.215645,
        30.151042
      ],
      [
        103.21434,
        30.150398
      ],
      [
        103.213331,
        30.149836
      ],
      [
        103.212026,
        30.14892
      ],
      [
        103.209412,
        30.147096
      ],
      [
        103.208257,
        30.146331
      ],
      [
        103.206657,
        30.145332
      ],
      [
        103.205362,
        30.144645
      ],
      [
        103.202645,
        30.143156
      ],
      [
        103.199759,
        30.141528
      ],
      [
        103.198899,
        30.140936
      ],
      [
        103.197919,
        30.140218
      ],
      [
        103.196779,
        30.13931
      ],
      [
        103.195535,
        30.138225
      ],
      [
        103.19321,
        30.136202
      ],
      [
        103.190876,
        30.134157
      ],
      [
        103.190172,
        30.133585
      ],
      [
        103.189249,
        30.132931
      ],
      [
        103.188701,
        30.13257
      ],
      [
        103.188155,
        30.132252
      ],
      [
        103.187043,
        30.131681
      ],
      [
        103.186109,
        30.131285
      ],
      [
        103.185884,
        30.131189
      ],
      [
        103.184741,
        30.130763
      ],
      [
        103.183772,
        30.130466
      ],
      [
        103.182177,
        30.129983
      ],
      [
        103.180148,
        30.129456
      ],
      [
        103.176199,
        30.1284
      ],
      [
        103.175233,
        30.128137
      ],
      [
        103.174212,
        30.12787
      ],
      [
        103.171917,
        30.12728
      ],
      [
        103.170293,
        30.126804
      ],
      [
        103.169044,
        30.126418
      ],
      [
        103.168185,
        30.126069
      ],
      [
        103.16728,
        30.125623
      ],
      [
        103.16632,
        30.125075
      ],
      [
        103.165711,
        30.12467
      ],
      [
        103.165251,
        30.124321
      ],
      [
        103.164151,
        30.123441
      ],
      [
        103.162523,
        30.122162
      ],
      [
        103.162147,
        30.121884
      ],
      [
        103.161559,
        30.121506
      ],
      [
        103.161152,
        30.12126
      ],
      [
        103.160547,
        30.120925
      ],
      [
        103.159746,
        30.120573
      ],
      [
        103.158086,
        30.119907
      ],
      [
        103.156917,
        30.119381
      ],
      [
        103.15641,
        30.119153
      ],
      [
        103.155807,
        30.11886
      ],
      [
        103.155368,
        30.118616
      ],
      [
        103.1546,
        30.118129
      ],
      [
        103.153771,
        30.117514
      ],
      [
        103.152868,
        30.116712
      ],
      [
        103.152384,
        30.116222
      ],
      [
        103.151625,
        30.115254
      ],
      [
        103.150235,
        30.11345
      ],
      [
        103.149538,
        30.112522
      ],
      [
        103.148752,
        30.111687
      ],
      [
        103.147859,
        30.110899
      ],
      [
        103.146829,
        30.110193
      ],
      [
        103.145746,
        30.109554
      ],
      [
        103.144685,
        30.108862
      ],
      [
        103.14364,
        30.108091
      ],
      [
        103.142717,
        30.107197
      ],
      [
        103.141969,
        30.10619
      ],
      [
        103.141412,
        30.105129
      ],
      [
        103.140993,
        30.104008
      ],
      [
        103.138963,
        30.097267
      ],
      [
        103.13817,
        30.094946
      ],
      [
        103.137628,
        30.093842
      ],
      [
        103.136957,
        30.092789
      ],
      [
        103.136133,
        30.091818
      ],
      [
        103.134386,
        30.090124
      ],
      [
        103.126237,
        30.082892
      ],
      [
        103.125299,
        30.08211
      ],
      [
        103.124261,
        30.081379
      ],
      [
        103.123155,
        30.080734
      ],
      [
        103.122034,
        30.080256
      ],
      [
        103.120775,
        30.079809
      ],
      [
        103.116991,
        30.078796
      ],
      [
        103.11577,
        30.078348
      ],
      [
        103.114587,
        30.077755
      ],
      [
        103.113527,
        30.077145
      ],
      [
        103.112573,
        30.076489
      ],
      [
        103.111688,
        30.075749
      ],
      [
        103.110841,
        30.074926
      ],
      [
        103.110071,
        30.074038
      ],
      [
        103.107403,
        30.070626
      ],
      [
        103.106778,
        30.069863
      ],
      [
        103.106492,
        30.069458
      ],
      [
        103.105624,
        30.068478
      ],
      [
        103.105486,
        30.068331
      ],
      [
        103.104536,
        30.067355
      ],
      [
        103.104206,
        30.067093
      ],
      [
        103.103422,
        30.066443
      ],
      [
        103.102541,
        30.065763
      ],
      [
        103.102112,
        30.065473
      ],
      [
        103.101669,
        30.065199
      ],
      [
        103.101138,
        30.064863
      ],
      [
        103.100593,
        30.064556
      ],
      [
        103.100056,
        30.064248
      ],
      [
        103.099516,
        30.063987
      ],
      [
        103.098793,
        30.063633
      ],
      [
        103.098188,
        30.063377
      ],
      [
        103.097498,
        30.063111
      ],
      [
        103.096587,
        30.062799
      ],
      [
        103.095712,
        30.062547
      ],
      [
        103.094943,
        30.062346
      ],
      [
        103.094334,
        30.062209
      ],
      [
        103.08983,
        30.061283
      ],
      [
        103.089212,
        30.061122
      ],
      [
        103.088506,
        30.060911
      ],
      [
        103.087998,
        30.060732
      ],
      [
        103.087396,
        30.060465
      ],
      [
        103.086923,
        30.060227
      ],
      [
        103.086444,
        30.059954
      ],
      [
        103.086033,
        30.05969
      ],
      [
        103.08574,
        30.059478
      ],
      [
        103.08532,
        30.059154
      ],
      [
        103.085003,
        30.05889
      ],
      [
        103.084806,
        30.058713
      ],
      [
        103.084469,
        30.058329
      ],
      [
        103.083928,
        30.057702
      ],
      [
        103.0828,
        30.056309
      ],
      [
        103.082574,
        30.056062
      ],
      [
        103.0823,
        30.055787
      ],
      [
        103.081948,
        30.055467
      ],
      [
        103.081664,
        30.055243
      ],
      [
        103.081371,
        30.055037
      ],
      [
        103.081167,
        30.054898
      ],
      [
        103.080585,
        30.054559
      ],
      [
        103.079981,
        30.054273
      ],
      [
        103.079455,
        30.054038
      ],
      [
        103.078981,
        30.053862
      ],
      [
        103.078511,
        30.05372
      ],
      [
        103.077987,
        30.053571
      ],
      [
        103.077314,
        30.053414
      ],
      [
        103.07583,
        30.053122
      ],
      [
        103.074678,
        30.052904
      ],
      [
        103.073618,
        30.052691
      ],
      [
        103.072488,
        30.052498
      ],
      [
        103.070816,
        30.052151
      ],
      [
        103.070188,
        30.052013
      ],
      [
        103.069758,
        30.051909
      ],
      [
        103.069261,
        30.051838
      ],
      [
        103.068459,
        30.05157
      ],
      [
        103.067362,
        30.051149
      ],
      [
        103.066867,
        30.051062
      ],
      [
        103.066396,
        30.05099
      ],
      [
        103.066135,
        30.050929
      ],
      [
        103.065903,
        30.050808
      ],
      [
        103.065734,
        30.050681
      ],
      [
        103.065514,
        30.050449
      ],
      [
        103.065298,
        30.049967
      ],
      [
        103.06513,
        30.049324
      ],
      [
        103.064959,
        30.049024
      ],
      [
        103.064701,
        30.048659
      ],
      [
        103.064165,
        30.048016
      ],
      [
        103.063848,
        30.047589
      ],
      [
        103.063444,
        30.046812
      ],
      [
        103.060977,
        30.043781
      ],
      [
        103.060623,
        30.043346
      ],
      [
        103.060293,
        30.042891
      ],
      [
        103.060004,
        30.042393
      ],
      [
        103.059809,
        30.041815
      ],
      [
        103.059711,
        30.041352
      ],
      [
        103.059677,
        30.040884
      ],
      [
        103.059679,
        30.040481
      ],
      [
        103.059722,
        30.04013
      ],
      [
        103.059796,
        30.039812
      ],
      [
        103.059952,
        30.039374
      ],
      [
        103.06029,
        30.038531
      ],
      [
        103.061101,
        30.036676
      ],
      [
        103.061199,
        30.03615
      ],
      [
        103.06132,
        30.035693
      ],
      [
        103.061484,
        30.034784
      ],
      [
        103.061511,
        30.034275
      ],
      [
        103.061489,
        30.033822
      ],
      [
        103.061456,
        30.033429
      ],
      [
        103.061404,
        30.033108
      ],
      [
        103.061309,
        30.032716
      ],
      [
        103.061132,
        30.032193
      ],
      [
        103.060996,
        30.03185
      ],
      [
        103.060829,
        30.031497
      ],
      [
        103.060701,
        30.031229
      ],
      [
        103.060524,
        30.030973
      ],
      [
        103.060354,
        30.030746
      ],
      [
        103.060007,
        30.030267
      ],
      [
        103.059743,
        30.030315
      ],
      [
        103.059608,
        30.030334
      ],
      [
        103.059462,
        30.030351
      ],
      [
        103.059222,
        30.030372
      ],
      [
        103.058955,
        30.030373
      ],
      [
        103.058722,
        30.030356
      ],
      [
        103.058479,
        30.030327
      ],
      [
        103.058076,
        30.030248
      ],
      [
        103.05778,
        30.030167
      ],
      [
        103.057634,
        30.030124
      ],
      [
        103.057456,
        30.030055
      ],
      [
        103.052863,
        30.028185
      ],
      [
        103.050178,
        30.02715
      ],
      [
        103.049628,
        30.026932
      ],
      [
        103.049305,
        30.026778
      ],
      [
        103.049068,
        30.026606
      ],
      [
        103.048937,
        30.026499
      ],
      [
        103.0488,
        30.026372
      ],
      [
        103.048636,
        30.026208
      ],
      [
        103.048477,
        30.026026
      ],
      [
        103.048259,
        30.025743
      ],
      [
        103.048027,
        30.025413
      ],
      [
        103.047287,
        30.024247
      ],
      [
        103.046539,
        30.023121
      ],
      [
        103.046373,
        30.0229
      ],
      [
        103.046129,
        30.022611
      ],
      [
        103.045804,
        30.022264
      ],
      [
        103.045376,
        30.021904
      ],
      [
        103.044996,
        30.021616
      ],
      [
        103.044506,
        30.021303
      ],
      [
        103.043987,
        30.02095
      ],
      [
        103.043227,
        30.020397
      ],
      [
        103.04262,
        30.019787
      ],
      [
        103.042084,
        30.019215
      ],
      [
        103.041401,
        30.018606
      ],
      [
        103.04094,
        30.018298
      ],
      [
        103.040179,
        30.017885
      ],
      [
        103.03939,
        30.017499
      ],
      [
        103.037704,
        30.016751
      ],
      [
        103.037642,
        30.01673
      ],
      [
        103.036571,
        30.016366
      ],
      [
        103.036276,
        30.016246
      ],
      [
        103.035978,
        30.016125
      ],
      [
        103.035485,
        30.015831
      ],
      [
        103.034538,
        30.015191
      ],
      [
        103.034093,
        30.014947
      ],
      [
        103.033987,
        30.014895
      ],
      [
        103.033841,
        30.014831
      ],
      [
        103.033452,
        30.014657
      ],
      [
        103.031846,
        30.014122
      ],
      [
        103.031462,
        30.013984
      ],
      [
        103.031143,
        30.013833
      ],
      [
        103.030875,
        30.013695
      ],
      [
        103.030534,
        30.013493
      ],
      [
        103.026023,
        30.010444
      ],
      [
        103.025753,
        30.01024
      ],
      [
        103.025387,
        30.009947
      ],
      [
        103.024189,
        30.008927
      ],
      [
        103.023713,
        30.008514
      ],
      [
        103.02166,
        30.006755
      ],
      [
        103.021361,
        30.006484
      ],
      [
        103.021072,
        30.006166
      ],
      [
        103.020551,
        30.005514
      ],
      [
        103.020132,
        30.004779
      ],
      [
        103.019865,
        30.004118
      ],
      [
        103.019733,
        30.003648
      ],
      [
        103.019542,
        30.002842
      ],
      [
        103.019487,
        30.00261
      ],
      [
        103.019467,
        30.002517
      ],
      [
        103.019525,
        30.002486
      ],
      [
        103.019619,
        30.002435
      ],
      [
        103.021389,
        30.001501
      ],
      [
        103.022184,
        30.001081
      ],
      [
        103.022354,
        30.001004
      ],
      [
        103.022434,
        30.000968
      ],
      [
        103.022641,
        30.000844
      ],
      [
        103.022721,
        30.000788
      ],
      [
        103.023827,
        29.999894
      ],
      [
        103.023816,
        29.999598
      ],
      [
        103.023457,
        29.996101
      ],
      [
        103.023394,
        29.995624
      ],
      [
        103.023337,
        29.995317
      ],
      [
        103.023291,
        29.99517
      ],
      [
        103.023184,
        29.994931
      ],
      [
        103.023091,
        29.994783
      ],
      [
        103.022994,
        29.994623
      ],
      [
        103.020859,
        29.991512
      ],
      [
        103.019923,
        29.989929
      ],
      [
        103.019912,
        29.989909
      ],
      [
        103.019213,
        29.988652
      ],
      [
        103.019125,
        29.9885
      ],
      [
        103.018661,
        29.987775
      ],
      [
        103.018428,
        29.987536
      ],
      [
        103.018358,
        29.987463
      ],
      [
        103.017911,
        29.987065
      ],
      [
        103.017232,
        29.986418
      ],
      [
        103.017082,
        29.98629
      ],
      [
        103.017053,
        29.986255
      ],
      [
        103.016861,
        29.986024
      ],
      [
        103.016844,
        29.985795
      ],
      [
        103.016775,
        29.984879
      ],
      [
        103.016768,
        29.984777
      ],
      [
        103.016542,
        29.984758
      ],
      [
        103.016471,
        29.984757
      ],
      [
        103.014747,
        29.984734
      ],
      [
        103.014573,
        29.984732
      ],
      [
        103.01457,
        29.984638
      ],
      [
        103.014567,
        29.984491
      ],
      [
        103.014562,
        29.984244
      ],
      [
        103.014559,
        29.984091
      ],
      [
        103.014495,
        29.981787
      ],
      [
        103.014486,
        29.981568
      ],
      [
        103.014459,
        29.981116
      ],
      [
        103.014428,
        29.980608
      ],
      [
        103.0144,
        29.980482
      ],
      [
        103.014287,
        29.980202
      ],
      [
        103.014168,
        29.979906
      ],
      [
        103.01405,
        29.979612
      ],
      [
        103.013962,
        29.979396
      ],
      [
        103.013935,
        29.979326
      ],
      [
        103.011871,
        29.979743
      ],
      [
        103.011569,
        29.979898
      ],
      [
        103.011563,
        29.979312
      ],
      [
        103.011526,
        29.979233
      ],
      [
        103.011498,
        29.979204
      ],
      [
        103.011461,
        29.979179
      ],
      [
        103.011425,
        29.979164
      ],
      [
        103.011378,
        29.979162
      ],
      [
        103.011317,
        29.97917
      ],
      [
        103.011252,
        29.979181
      ],
      [
        103.011173,
        29.979211
      ],
      [
        103.010943,
        29.979293
      ],
      [
        103.01039,
        29.9795
      ],
      [
        103.010199,
        29.979558
      ],
      [
        103.010046,
        29.979606
      ],
      [
        103.009749,
        29.97962
      ],
      [
        103.007813,
        29.979656
      ],
      [
        103.00753,
        29.979663
      ],
      [
        103.007564,
        29.977239
      ],
      [
        103.007551,
        29.977055
      ],
      [
        103.00752,
        29.976923
      ],
      [
        103.007501,
        29.976841
      ],
      [
        103.007392,
        29.976676
      ],
      [
        103.007266,
        29.976597
      ],
      [
        103.00667,
        29.976292
      ],
      [
        103.00623,
        29.976113
      ],
      [
        103.006072,
        29.976017
      ],
      [
        103.005777,
        29.975796
      ],
      [
        103.004581,
        29.97483
      ],
      [
        103.003705,
        29.97412
      ],
      [
        103.003114,
        29.973523
      ],
      [
        103.002882,
        29.973238
      ],
      [
        103.002678,
        29.97297
      ],
      [
        103.002431,
        29.972616
      ],
      [
        103.00216,
        29.97213
      ],
      [
        103.00206,
        29.971899
      ],
      [
        103.001942,
        29.971545
      ],
      [
        103.00183,
        29.971219
      ],
      [
        103.001812,
        29.971142
      ],
      [
        103.001782,
        29.970906
      ],
      [
        103.001792,
        29.970803
      ],
      [
        103.001804,
        29.970648
      ],
      [
        103.00172,
        29.970217
      ],
      [
        103.001595,
        29.969583
      ],
      [
        103.001595,
        29.968766
      ],
      [
        103.001652,
        29.968295
      ],
      [
        103.00174,
        29.967867
      ],
      [
        103.001943,
        29.967442
      ],
      [
        103.002164,
        29.967016
      ],
      [
        103.00235,
        29.966656
      ],
      [
        103.002436,
        29.96641
      ],
      [
        103.002539,
        29.966439
      ],
      [
        103.002716,
        29.9665
      ],
      [
        103.003815,
        29.967025
      ],
      [
        103.006002,
        29.968124
      ],
      [
        103.006159,
        29.968172
      ],
      [
        103.006705,
        29.968412
      ],
      [
        103.006875,
        29.968493
      ],
      [
        103.007229,
        29.968669
      ],
      [
        103.007284,
        29.9687
      ],
      [
        103.007898,
        29.969001
      ],
      [
        103.00822,
        29.969162
      ],
      [
        103.008401,
        29.969223
      ],
      [
        103.008549,
        29.969288
      ],
      [
        103.008726,
        29.969415
      ],
      [
        103.008916,
        29.969528
      ],
      [
        103.009091,
        29.969658
      ],
      [
        103.009247,
        29.969813
      ],
      [
        103.009361,
        29.969953
      ],
      [
        103.009446,
        29.970096
      ],
      [
        103.009511,
        29.970255
      ],
      [
        103.009546,
        29.970422
      ],
      [
        103.009555,
        29.970569
      ],
      [
        103.009559,
        29.97077
      ],
      [
        103.00955,
        29.970987
      ],
      [
        103.009548,
        29.971186
      ],
      [
        103.009557,
        29.97132
      ],
      [
        103.00959,
        29.971484
      ],
      [
        103.009621,
        29.971576
      ],
      [
        103.00969,
        29.971724
      ],
      [
        103.00974,
        29.971806
      ],
      [
        103.009808,
        29.971898
      ],
      [
        103.009876,
        29.971976
      ],
      [
        103.009968,
        29.972064
      ],
      [
        103.010042,
        29.972132
      ],
      [
        103.010146,
        29.972229
      ],
      [
        103.010281,
        29.972326
      ],
      [
        103.010811,
        29.972723
      ],
      [
        103.011046,
        29.972842
      ],
      [
        103.011478,
        29.973041
      ],
      [
        103.011955,
        29.973257
      ],
      [
        103.012356,
        29.973414
      ],
      [
        103.012593,
        29.973503
      ],
      [
        103.012822,
        29.973584
      ],
      [
        103.013973,
        29.973982
      ],
      [
        103.014287,
        29.974094
      ],
      [
        103.014524,
        29.974189
      ],
      [
        103.014798,
        29.974317
      ],
      [
        103.015187,
        29.974512
      ],
      [
        103.015667,
        29.9748
      ],
      [
        103.01592,
        29.97496
      ],
      [
        103.016196,
        29.975157
      ],
      [
        103.016394,
        29.975312
      ],
      [
        103.01656,
        29.975461
      ],
      [
        103.016692,
        29.975577
      ],
      [
        103.01684,
        29.975709
      ],
      [
        103.016995,
        29.975854
      ],
      [
        103.017453,
        29.976293
      ],
      [
        103.017589,
        29.976423
      ],
      [
        103.01772,
        29.976544
      ],
      [
        103.01786,
        29.976669
      ],
      [
        103.018022,
        29.976809
      ],
      [
        103.018208,
        29.976963
      ],
      [
        103.018409,
        29.977121
      ],
      [
        103.018597,
        29.977263
      ],
      [
        103.018762,
        29.977382
      ],
      [
        103.018914,
        29.977489
      ],
      [
        103.019095,
        29.977611
      ],
      [
        103.019239,
        29.977704
      ],
      [
        103.019397,
        29.977803
      ],
      [
        103.019533,
        29.977886
      ],
      [
        103.019772,
        29.978025
      ],
      [
        103.020029,
        29.978166
      ],
      [
        103.020316,
        29.978315
      ],
      [
        103.0206,
        29.978452
      ],
      [
        103.020914,
        29.978594
      ],
      [
        103.021192,
        29.978711
      ],
      [
        103.021446,
        29.978811
      ],
      [
        103.021719,
        29.978912
      ],
      [
        103.022029,
        29.979017
      ],
      [
        103.022318,
        29.979108
      ],
      [
        103.022608,
        29.979191
      ],
      [
        103.022922,
        29.979273
      ],
      [
        103.023252,
        29.979351
      ],
      [
        103.056068,
        29.986214
      ],
      [
        103.056366,
        29.986271
      ],
      [
        103.056651,
        29.986317
      ],
      [
        103.056955,
        29.986356
      ],
      [
        103.057284,
        29.986386
      ],
      [
        103.057608,
        29.986405
      ],
      [
        103.057951,
        29.986412
      ],
      [
        103.058285,
        29.986407
      ],
      [
        103.058638,
        29.986389
      ],
      [
        103.058991,
        29.986357
      ],
      [
        103.059354,
        29.98631
      ],
      [
        103.059723,
        29.986247
      ],
      [
        103.060118,
        29.986163
      ],
      [
        103.060418,
        29.986086
      ],
      [
        103.060739,
        29.985992
      ],
      [
        103.060994,
        29.985907
      ],
      [
        103.061188,
        29.985837
      ],
      [
        103.061405,
        29.985753
      ],
      [
        103.061642,
        29.985652
      ],
      [
        103.061873,
        29.985546
      ],
      [
        103.062086,
        29.985442
      ],
      [
        103.062264,
        29.985348
      ],
      [
        103.062446,
        29.985247
      ],
      [
        103.062591,
        29.985161
      ],
      [
        103.062775,
        29.985047
      ],
      [
        103.063046,
        29.984866
      ],
      [
        103.063262,
        29.984711
      ],
      [
        103.063478,
        29.984543
      ],
      [
        103.063692,
        29.984364
      ],
      [
        103.06388,
        29.984196
      ],
      [
        103.06407,
        29.984014
      ],
      [
        103.064228,
        29.983853
      ],
      [
        103.064381,
        29.983685
      ],
      [
        103.064519,
        29.983526
      ],
      [
        103.064664,
        29.983348
      ],
      [
        103.064802,
        29.983165
      ],
      [
        103.064919,
        29.983001
      ],
      [
        103.067528,
        29.9794
      ],
      [
        103.067996,
        29.978753
      ],
      [
        103.068694,
        29.97779
      ],
      [
        103.068997,
        29.977372
      ],
      [
        103.069285,
        29.977017
      ],
      [
        103.069567,
        29.976733
      ],
      [
        103.069976,
        29.976359
      ],
      [
        103.07038,
        29.976026
      ],
      [
        103.070718,
        29.975775
      ],
      [
        103.070918,
        29.975628
      ],
      [
        103.071314,
        29.97536
      ],
      [
        103.071957,
        29.975011
      ],
      [
        103.072547,
        29.974734
      ],
      [
        103.072739,
        29.974653
      ],
      [
        103.073037,
        29.974536
      ],
      [
        103.073956,
        29.974256
      ],
      [
        103.074349,
        29.974179
      ],
      [
        103.074692,
        29.97411
      ],
      [
        103.074917,
        29.974074
      ],
      [
        103.075226,
        29.974027
      ],
      [
        103.075682,
        29.97398
      ],
      [
        103.075906,
        29.973962
      ],
      [
        103.076504,
        29.973946
      ],
      [
        103.076843,
        29.973951
      ],
      [
        103.077205,
        29.973967
      ],
      [
        103.077815,
        29.974019
      ],
      [
        103.078506,
        29.974119
      ],
      [
        103.07907,
        29.974229
      ],
      [
        103.07966,
        29.974349
      ],
      [
        103.080444,
        29.974509
      ],
      [
        103.080901,
        29.974597
      ],
      [
        103.081247,
        29.974656
      ],
      [
        103.081458,
        29.97469
      ],
      [
        103.081981,
        29.974755
      ],
      [
        103.082628,
        29.974807
      ],
      [
        103.083095,
        29.97483
      ],
      [
        103.083633,
        29.974839
      ],
      [
        103.084126,
        29.974829
      ],
      [
        103.084413,
        29.974821
      ],
      [
        103.084735,
        29.974802
      ],
      [
        103.085058,
        29.974778
      ],
      [
        103.085383,
        29.974745
      ],
      [
        103.085874,
        29.974683
      ],
      [
        103.086364,
        29.974621
      ],
      [
        103.086854,
        29.974559
      ],
      [
        103.087345,
        29.974497
      ],
      [
        103.087741,
        29.974462
      ],
      [
        103.088139,
        29.974438
      ],
      [
        103.088537,
        29.974426
      ],
      [
        103.088935,
        29.974425
      ],
      [
        103.089334,
        29.974436
      ],
      [
        103.089731,
        29.974458
      ],
      [
        103.090128,
        29.974492
      ],
      [
        103.090523,
        29.974537
      ],
      [
        103.090916,
        29.974594
      ],
      [
        103.091307,
        29.974662
      ],
      [
        103.091695,
        29.974742
      ],
      [
        103.093921,
        29.975212
      ],
      [
        103.094304,
        29.975273
      ],
      [
        103.094647,
        29.975318
      ],
      [
        103.094985,
        29.975354
      ],
      [
        103.095266,
        29.97538
      ],
      [
        103.095651,
        29.975396
      ],
      [
        103.095938,
        29.975406
      ],
      [
        103.096218,
        29.975404
      ],
      [
        103.096458,
        29.975394
      ],
      [
        103.099059,
        29.975219
      ],
      [
        103.099636,
        29.975198
      ],
      [
        103.100157,
        29.9752
      ],
      [
        103.101673,
        29.975228
      ],
      [
        103.101995,
        29.975236
      ],
      [
        103.102469,
        29.975269
      ],
      [
        103.102931,
        29.975313
      ],
      [
        103.103181,
        29.97535
      ],
      [
        103.103439,
        29.975391
      ],
      [
        103.104959,
        29.975714
      ],
      [
        103.107116,
        29.97618
      ],
      [
        103.1083,
        29.976425
      ],
      [
        103.108339,
        29.976434
      ],
      [
        103.111049,
        29.977043
      ],
      [
        103.111183,
        29.977068
      ],
      [
        103.111344,
        29.977096
      ],
      [
        103.111433,
        29.977105
      ],
      [
        103.111493,
        29.977109
      ],
      [
        103.111559,
        29.977112
      ],
      [
        103.111672,
        29.977111
      ],
      [
        103.111791,
        29.977103
      ],
      [
        103.111942,
        29.977083
      ],
      [
        103.11205,
        29.97706
      ],
      [
        103.11215,
        29.977035
      ],
      [
        103.112216,
        29.977014
      ],
      [
        103.112318,
        29.976977
      ],
      [
        103.112388,
        29.976946
      ],
      [
        103.112476,
        29.976903
      ],
      [
        103.112602,
        29.976832
      ],
      [
        103.112688,
        29.976775
      ],
      [
        103.112766,
        29.976719
      ],
      [
        103.112876,
        29.976627
      ],
      [
        103.112991,
        29.976526
      ],
      [
        103.11307,
        29.976453
      ],
      [
        103.113292,
        29.976221
      ],
      [
        103.113366,
        29.976143
      ],
      [
        103.113562,
        29.975921
      ],
      [
        103.113607,
        29.975865
      ],
      [
        103.113766,
        29.97566
      ],
      [
        103.113932,
        29.975417
      ],
      [
        103.114169,
        29.975168
      ],
      [
        103.114642,
        29.974412
      ],
      [
        103.114855,
        29.974089
      ],
      [
        103.115538,
        29.973056
      ],
      [
        103.115844,
        29.972584
      ],
      [
        103.116051,
        29.972277
      ],
      [
        103.116206,
        29.97202
      ],
      [
        103.116458,
        29.971612
      ],
      [
        103.116666,
        29.971278
      ],
      [
        103.11772,
        29.969677
      ],
      [
        103.118105,
        29.969067
      ],
      [
        103.118646,
        29.968217
      ],
      [
        103.118902,
        29.967813
      ],
      [
        103.119387,
        29.967
      ],
      [
        103.119462,
        29.966849
      ],
      [
        103.119565,
        29.966656
      ],
      [
        103.119914,
        29.965926
      ],
      [
        103.120136,
        29.965399
      ],
      [
        103.120237,
        29.965116
      ],
      [
        103.12033,
        29.964845
      ],
      [
        103.120435,
        29.964507
      ],
      [
        103.120456,
        29.964447
      ],
      [
        103.120496,
        29.964315
      ],
      [
        103.120572,
        29.964026
      ],
      [
        103.120769,
        29.963175
      ],
      [
        103.120779,
        29.963126
      ],
      [
        103.120933,
        29.962375
      ],
      [
        103.121065,
        29.961781
      ],
      [
        103.121136,
        29.961477
      ],
      [
        103.121146,
        29.961427
      ],
      [
        103.121208,
        29.961215
      ],
      [
        103.121244,
        29.961077
      ],
      [
        103.121408,
        29.960584
      ],
      [
        103.121539,
        29.960248
      ],
      [
        103.121654,
        29.959971
      ],
      [
        103.121874,
        29.959518
      ],
      [
        103.122124,
        29.959061
      ],
      [
        103.122397,
        29.958608
      ],
      [
        103.122444,
        29.958528
      ],
      [
        103.122656,
        29.958223
      ],
      [
        103.122792,
        29.958041
      ],
      [
        103.123026,
        29.957736
      ],
      [
        103.123412,
        29.957281
      ],
      [
        103.123504,
        29.957172
      ],
      [
        103.123604,
        29.957063
      ],
      [
        103.123713,
        29.956946
      ],
      [
        103.123804,
        29.95685
      ],
      [
        103.123929,
        29.956721
      ],
      [
        103.124075,
        29.95658
      ],
      [
        103.124194,
        29.956469
      ],
      [
        103.124304,
        29.956374
      ],
      [
        103.124411,
        29.956273
      ],
      [
        103.124524,
        29.956174
      ],
      [
        103.124648,
        29.956066
      ],
      [
        103.124758,
        29.955971
      ],
      [
        103.124875,
        29.955878
      ],
      [
        103.124968,
        29.955803
      ],
      [
        103.125058,
        29.955731
      ],
      [
        103.125111,
        29.955692
      ],
      [
        103.125297,
        29.955551
      ],
      [
        103.125437,
        29.955453
      ],
      [
        103.125569,
        29.955365
      ],
      [
        103.125746,
        29.95526
      ],
      [
        103.126378,
        29.954906
      ],
      [
        103.127082,
        29.954536
      ],
      [
        103.127106,
        29.954524
      ],
      [
        103.12721,
        29.954468
      ],
      [
        103.128257,
        29.95392
      ],
      [
        103.129409,
        29.953395
      ],
      [
        103.130043,
        29.952987
      ],
      [
        103.130792,
        29.952548
      ],
      [
        103.131709,
        29.951898
      ],
      [
        103.132316,
        29.951381
      ],
      [
        103.132663,
        29.951077
      ],
      [
        103.133786,
        29.949891
      ],
      [
        103.135058,
        29.94813
      ],
      [
        103.136534,
        29.945946
      ],
      [
        103.138186,
        29.943694
      ],
      [
        103.138582,
        29.94319
      ],
      [
        103.140245,
        29.94109
      ],
      [
        103.141364,
        29.939684
      ],
      [
        103.142974,
        29.937603
      ],
      [
        103.143996,
        29.936494
      ],
      [
        103.145365,
        29.935415
      ],
      [
        103.14661,
        29.934717
      ],
      [
        103.1478,
        29.933912
      ],
      [
        103.148851,
        29.933382
      ],
      [
        103.149821,
        29.932943
      ],
      [
        103.150794,
        29.932639
      ],
      [
        103.151947,
        29.932394
      ],
      [
        103.153695,
        29.932193
      ],
      [
        103.155116,
        29.932038
      ],
      [
        103.155959,
        29.931893
      ],
      [
        103.156887,
        29.93155
      ],
      [
        103.157752,
        29.93113
      ],
      [
        103.158378,
        29.930771
      ],
      [
        103.16009,
        29.929766
      ],
      [
        103.160537,
        29.929538
      ],
      [
        103.161219,
        29.929289
      ],
      [
        103.16239,
        29.928984
      ],
      [
        103.163319,
        29.928845
      ],
      [
        103.164647,
        29.928635
      ],
      [
        103.167459,
        29.928139
      ],
      [
        103.168454,
        29.927885
      ],
      [
        103.169536,
        29.927478
      ],
      [
        103.170299,
        29.927108
      ],
      [
        103.171079,
        29.926682
      ],
      [
        103.188045,
        29.914283
      ],
      [
        103.188445,
        29.913962
      ],
      [
        103.188811,
        29.91357
      ],
      [
        103.1892,
        29.913083
      ],
      [
        103.189819,
        29.912226
      ],
      [
        103.190565,
        29.910766
      ],
      [
        103.1914,
        29.908998
      ],
      [
        103.192072,
        29.907682
      ],
      [
        103.192727,
        29.906548
      ],
      [
        103.193271,
        29.905397
      ],
      [
        103.193979,
        29.903909
      ],
      [
        103.195272,
        29.900717
      ],
      [
        103.195845,
        29.899645
      ],
      [
        103.196247,
        29.899242
      ],
      [
        103.197027,
        29.898663
      ],
      [
        103.198748,
        29.897562
      ],
      [
        103.200047,
        29.896625
      ],
      [
        103.200785,
        29.895468
      ],
      [
        103.201094,
        29.894851
      ],
      [
        103.201584,
        29.893577
      ],
      [
        103.201893,
        29.892556
      ],
      [
        103.202083,
        29.891509
      ],
      [
        103.202269,
        29.890626
      ],
      [
        103.202659,
        29.88847
      ],
      [
        103.202788,
        29.887822
      ],
      [
        103.203085,
        29.886329
      ],
      [
        103.203237,
        29.885208
      ],
      [
        103.203248,
        29.884861
      ],
      [
        103.203278,
        29.88395
      ],
      [
        103.203255,
        29.882795
      ],
      [
        103.203238,
        29.88195
      ],
      [
        103.20319,
        29.881586
      ],
      [
        103.202936,
        29.879673
      ],
      [
        103.202713,
        29.877587
      ],
      [
        103.202666,
        29.87658
      ],
      [
        103.202726,
        29.875469
      ],
      [
        103.202819,
        29.874791
      ],
      [
        103.203072,
        29.873498
      ],
      [
        103.203624,
        29.871884
      ],
      [
        103.20412,
        29.870521
      ],
      [
        103.204639,
        29.869132
      ],
      [
        103.205152,
        29.867779
      ],
      [
        103.205661,
        29.866431
      ],
      [
        103.206161,
        29.865503
      ],
      [
        103.206954,
        29.863297
      ],
      [
        103.207439,
        29.862311
      ],
      [
        103.207873,
        29.861558
      ],
      [
        103.208757,
        29.860474
      ],
      [
        103.209495,
        29.8598
      ],
      [
        103.210198,
        29.85927
      ],
      [
        103.212183,
        29.85821
      ],
      [
        103.214117,
        29.857156
      ],
      [
        103.216136,
        29.856067
      ],
      [
        103.217702,
        29.855356
      ],
      [
        103.218783,
        29.854924
      ],
      [
        103.219729,
        29.854622
      ],
      [
        103.221597,
        29.854125
      ],
      [
        103.22414,
        29.853594
      ],
      [
        103.226217,
        29.853167
      ],
      [
        103.228138,
        29.852718
      ],
      [
        103.229086,
        29.852411
      ],
      [
        103.231242,
        29.851608
      ],
      [
        103.232637,
        29.851005
      ],
      [
        103.235023,
        29.849698
      ],
      [
        103.236525,
        29.848754
      ],
      [
        103.237885,
        29.847755
      ],
      [
        103.239113,
        29.846964
      ],
      [
        103.240002,
        29.846395
      ],
      [
        103.24118,
        29.845835
      ],
      [
        103.242173,
        29.845505
      ],
      [
        103.242623,
        29.845363
      ],
      [
        103.243642,
        29.845148
      ],
      [
        103.244853,
        29.844993
      ],
      [
        103.24556,
        29.844956
      ],
      [
        103.247516,
        29.84488
      ],
      [
        103.248288,
        29.84487
      ],
      [
        103.250059,
        29.844848
      ],
      [
        103.253567,
        29.844801
      ],
      [
        103.255261,
        29.844787
      ],
      [
        103.256872,
        29.844821
      ],
      [
        103.258299,
        29.844934
      ],
      [
        103.260362,
        29.845209
      ],
      [
        103.263371,
        29.845795
      ],
      [
        103.267748,
        29.846666
      ],
      [
        103.270231,
        29.847097
      ],
      [
        103.272121,
        29.847334
      ],
      [
        103.27319,
        29.847451
      ],
      [
        103.274831,
        29.847518
      ],
      [
        103.276981,
        29.847546
      ],
      [
        103.278408,
        29.847523
      ],
      [
        103.280012,
        29.847492
      ],
      [
        103.280727,
        29.847515
      ],
      [
        103.281403,
        29.847563
      ],
      [
        103.282115,
        29.847646
      ],
      [
        103.283302,
        29.847889
      ],
      [
        103.283869,
        29.848043
      ],
      [
        103.284525,
        29.848262
      ],
      [
        103.28553,
        29.848724
      ],
      [
        103.286069,
        29.848987
      ],
      [
        103.287227,
        29.849697
      ],
      [
        103.289327,
        29.851319
      ],
      [
        103.290028,
        29.85185
      ],
      [
        103.291775,
        29.853274
      ],
      [
        103.292379,
        29.853726
      ],
      [
        103.293372,
        29.854346
      ],
      [
        103.29397,
        29.854642
      ],
      [
        103.295889,
        29.855467
      ],
      [
        103.297779,
        29.856188
      ],
      [
        103.300332,
        29.857193
      ],
      [
        103.301051,
        29.857483
      ],
      [
        103.302948,
        29.858404
      ],
      [
        103.304316,
        29.859241
      ],
      [
        103.305058,
        29.859715
      ],
      [
        103.305516,
        29.860034
      ],
      [
        103.306282,
        29.860593
      ],
      [
        103.306905,
        29.86114
      ],
      [
        103.307314,
        29.861565
      ],
      [
        103.307552,
        29.861848
      ],
      [
        103.307857,
        29.862219
      ],
      [
        103.308413,
        29.863183
      ],
      [
        103.308775,
        29.863914
      ],
      [
        103.309102,
        29.86499
      ],
      [
        103.309245,
        29.865789
      ],
      [
        103.309281,
        29.867582
      ],
      [
        103.309318,
        29.868297
      ],
      [
        103.309351,
        29.870266
      ],
      [
        103.309409,
        29.872433
      ],
      [
        103.309462,
        29.874875
      ],
      [
        103.309485,
        29.87684
      ],
      [
        103.309482,
        29.878846
      ],
      [
        103.309611,
        29.880672
      ],
      [
        103.309878,
        29.881489
      ],
      [
        103.310299,
        29.882646
      ],
      [
        103.310781,
        29.883376
      ],
      [
        103.31192,
        29.884784
      ],
      [
        103.312705,
        29.885437
      ],
      [
        103.313145,
        29.88571
      ],
      [
        103.313713,
        29.886063
      ],
      [
        103.314542,
        29.886501
      ],
      [
        103.315297,
        29.886816
      ],
      [
        103.316113,
        29.887073
      ],
      [
        103.317165,
        29.887301
      ],
      [
        103.318309,
        29.887433
      ],
      [
        103.318878,
        29.887442
      ],
      [
        103.319847,
        29.887393
      ],
      [
        103.320639,
        29.887301
      ],
      [
        103.321624,
        29.887064
      ],
      [
        103.322609,
        29.886758
      ],
      [
        103.32401,
        29.886118
      ],
      [
        103.324762,
        29.885604
      ],
      [
        103.326453,
        29.884674
      ],
      [
        103.327842,
        29.883955
      ],
      [
        103.32875,
        29.883661
      ],
      [
        103.330324,
        29.883283
      ],
      [
        103.332807,
        29.882732
      ],
      [
        103.334448,
        29.882172
      ],
      [
        103.335252,
        29.881848
      ],
      [
        103.33659,
        29.881187
      ],
      [
        103.339189,
        29.879987
      ],
      [
        103.341296,
        29.87954
      ],
      [
        103.343506,
        29.879398
      ],
      [
        103.345453,
        29.879606
      ],
      [
        103.34738,
        29.880097
      ],
      [
        103.348215,
        29.880394
      ],
      [
        103.350827,
        29.881265
      ],
      [
        103.352388,
        29.88177
      ],
      [
        103.353021,
        29.881933
      ],
      [
        103.353643,
        29.882072
      ],
      [
        103.354219,
        29.882163
      ],
      [
        103.354719,
        29.882232
      ],
      [
        103.355429,
        29.882288
      ],
      [
        103.356215,
        29.882294
      ],
      [
        103.357039,
        29.882279
      ],
      [
        103.357702,
        29.882211
      ],
      [
        103.358385,
        29.882126
      ],
      [
        103.358967,
        29.882042
      ],
      [
        103.35943,
        29.881948
      ],
      [
        103.360681,
        29.881618
      ],
      [
        103.361364,
        29.881439
      ],
      [
        103.362968,
        29.880991
      ],
      [
        103.363557,
        29.88083
      ],
      [
        103.365236,
        29.880434
      ],
      [
        103.36602,
        29.880256
      ],
      [
        103.366964,
        29.880015
      ],
      [
        103.36881,
        29.879455
      ],
      [
        103.369304,
        29.879272
      ],
      [
        103.36969,
        29.879103
      ],
      [
        103.370056,
        29.878906
      ],
      [
        103.370289,
        29.878756
      ],
      [
        103.371093,
        29.878194
      ],
      [
        103.371528,
        29.877829
      ],
      [
        103.371859,
        29.877521
      ],
      [
        103.372385,
        29.876984
      ],
      [
        103.372969,
        29.87633
      ],
      [
        103.374046,
        29.874706
      ],
      [
        103.374391,
        29.874157
      ],
      [
        103.375213,
        29.872942
      ],
      [
        103.375714,
        29.872254
      ],
      [
        103.376078,
        29.871693
      ],
      [
        103.376969,
        29.870431
      ],
      [
        103.37728,
        29.869802
      ],
      [
        103.377471,
        29.8693
      ],
      [
        103.377597,
        29.868902
      ],
      [
        103.377664,
        29.868506
      ],
      [
        103.377686,
        29.868098
      ],
      [
        103.377737,
        29.867462
      ],
      [
        103.37772,
        29.866892
      ],
      [
        103.377578,
        29.866196
      ],
      [
        103.377295,
        29.865192
      ],
      [
        103.376588,
        29.863095
      ],
      [
        103.376401,
        29.862409
      ],
      [
        103.376317,
        29.862047
      ],
      [
        103.376253,
        29.861627
      ],
      [
        103.376215,
        29.8611
      ],
      [
        103.376344,
        29.859864
      ],
      [
        103.376526,
        29.859013
      ],
      [
        103.376955,
        29.857915
      ],
      [
        103.377436,
        29.857047
      ],
      [
        103.378177,
        29.856128
      ],
      [
        103.379241,
        29.854998
      ],
      [
        103.38003,
        29.854142
      ],
      [
        103.380471,
        29.853587
      ],
      [
        103.380864,
        29.852998
      ],
      [
        103.3813,
        29.852158
      ],
      [
        103.381786,
        29.851105
      ],
      [
        103.38216,
        29.849972
      ],
      [
        103.382864,
        29.847859
      ],
      [
        103.383442,
        29.846533
      ],
      [
        103.384015,
        29.845719
      ],
      [
        103.385106,
        29.844536
      ],
      [
        103.385855,
        29.843774
      ],
      [
        103.386166,
        29.843438
      ],
      [
        103.387716,
        29.841768
      ],
      [
        103.388887,
        29.840633
      ],
      [
        103.389535,
        29.8401
      ],
      [
        103.390271,
        29.839514
      ],
      [
        103.390918,
        29.839104
      ],
      [
        103.391787,
        29.838674
      ],
      [
        103.392707,
        29.838354
      ],
      [
        103.39358,
        29.838114
      ],
      [
        103.394415,
        29.837968
      ],
      [
        103.395251,
        29.837837
      ],
      [
        103.397221,
        29.837687
      ],
      [
        103.398149,
        29.837568
      ],
      [
        103.398899,
        29.837442
      ],
      [
        103.400194,
        29.837075
      ],
      [
        103.400611,
        29.836965
      ],
      [
        103.401462,
        29.83663
      ],
      [
        103.403132,
        29.835787
      ],
      [
        103.405572,
        29.834486
      ],
      [
        103.407647,
        29.83336
      ],
      [
        103.408647,
        29.832882
      ],
      [
        103.409202,
        29.832653
      ],
      [
        103.409621,
        29.832481
      ],
      [
        103.410624,
        29.832115
      ],
      [
        103.414484,
        29.831222
      ],
      [
        103.415155,
        29.831074
      ],
      [
        103.41724,
        29.830579
      ],
      [
        103.418072,
        29.830311
      ],
      [
        103.419051,
        29.829884
      ],
      [
        103.419956,
        29.829443
      ],
      [
        103.420773,
        29.828887
      ],
      [
        103.422595,
        29.827415
      ],
      [
        103.423591,
        29.826638
      ],
      [
        103.4242,
        29.826159
      ],
      [
        103.424985,
        29.825781
      ],
      [
        103.425754,
        29.825424
      ],
      [
        103.426733,
        29.825079
      ],
      [
        103.427837,
        29.824799
      ],
      [
        103.428987,
        29.82457
      ],
      [
        103.429906,
        29.824411
      ],
      [
        103.430586,
        29.824262
      ],
      [
        103.432984,
        29.823869
      ],
      [
        103.435159,
        29.823463
      ],
      [
        103.437898,
        29.822978
      ],
      [
        103.438426,
        29.822892
      ],
      [
        103.440763,
        29.822469
      ],
      [
        103.441439,
        29.822325
      ],
      [
        103.441808,
        29.822228
      ],
      [
        103.442991,
        29.821885
      ],
      [
        103.443944,
        29.821512
      ],
      [
        103.444824,
        29.821067
      ],
      [
        103.44528,
        29.82084
      ],
      [
        103.446029,
        29.820367
      ],
      [
        103.44708,
        29.819695
      ],
      [
        103.448677,
        29.818672
      ],
      [
        103.450131,
        29.817749
      ],
      [
        103.451278,
        29.817021
      ],
      [
        103.45254,
        29.816128
      ],
      [
        103.453089,
        29.815738
      ],
      [
        103.453994,
        29.814956
      ],
      [
        103.454864,
        29.813747
      ],
      [
        103.455479,
        29.812724
      ],
      [
        103.455919,
        29.811626
      ],
      [
        103.456228,
        29.810536
      ],
      [
        103.456588,
        29.809087
      ],
      [
        103.456977,
        29.807519
      ],
      [
        103.457503,
        29.805309
      ],
      [
        103.457838,
        29.803832
      ],
      [
        103.458407,
        29.801853
      ],
      [
        103.458833,
        29.800813
      ],
      [
        103.459117,
        29.800276
      ],
      [
        103.459594,
        29.799529
      ],
      [
        103.460058,
        29.798899
      ],
      [
        103.461,
        29.797874
      ],
      [
        103.461408,
        29.797485
      ],
      [
        103.461562,
        29.797336
      ],
      [
        103.461861,
        29.797053
      ],
      [
        103.462949,
        29.796044
      ],
      [
        103.463861,
        29.795206
      ],
      [
        103.464415,
        29.794667
      ],
      [
        103.465006,
        29.794018
      ],
      [
        103.46543,
        29.793524
      ],
      [
        103.465709,
        29.793201
      ],
      [
        103.466063,
        29.792763
      ],
      [
        103.466558,
        29.792097
      ],
      [
        103.466812,
        29.791716
      ],
      [
        103.467006,
        29.791449
      ],
      [
        103.467418,
        29.79087
      ],
      [
        103.468018,
        29.78999
      ],
      [
        103.468246,
        29.789663
      ],
      [
        103.468973,
        29.788584
      ],
      [
        103.469213,
        29.788235
      ],
      [
        103.469474,
        29.787879
      ],
      [
        103.469718,
        29.787544
      ],
      [
        103.470027,
        29.787169
      ],
      [
        103.470521,
        29.786595
      ],
      [
        103.470632,
        29.786481
      ],
      [
        103.47101,
        29.786113
      ],
      [
        103.471472,
        29.785703
      ],
      [
        103.472049,
        29.785249
      ],
      [
        103.472515,
        29.784905
      ],
      [
        103.472898,
        29.784645
      ],
      [
        103.473463,
        29.784323
      ],
      [
        103.474184,
        29.783961
      ],
      [
        103.475017,
        29.783562
      ],
      [
        103.475813,
        29.783217
      ],
      [
        103.476469,
        29.78293
      ],
      [
        103.477473,
        29.782502
      ],
      [
        103.477795,
        29.782361
      ],
      [
        103.478094,
        29.782231
      ],
      [
        103.478325,
        29.782124
      ],
      [
        103.478931,
        29.781837
      ],
      [
        103.4802,
        29.781212
      ],
      [
        103.481347,
        29.780484
      ],
      [
        103.482376,
        29.779457
      ],
      [
        103.483036,
        29.778675
      ],
      [
        103.484093,
        29.777394
      ],
      [
        103.484323,
        29.777113
      ],
      [
        103.485631,
        29.775443
      ],
      [
        103.486567,
        29.774258
      ],
      [
        103.487119,
        29.773556
      ],
      [
        103.488515,
        29.771874
      ],
      [
        103.489433,
        29.770779
      ],
      [
        103.489816,
        29.770408
      ],
      [
        103.490356,
        29.769889
      ],
      [
        103.491215,
        29.76921
      ],
      [
        103.492285,
        29.7686
      ],
      [
        103.492983,
        29.768264
      ],
      [
        103.493852,
        29.767866
      ],
      [
        103.494825,
        29.767504
      ],
      [
        103.495469,
        29.767336
      ],
      [
        103.497519,
        29.766946
      ],
      [
        103.498714,
        29.766836
      ],
      [
        103.501338,
        29.766645
      ],
      [
        103.503094,
        29.766457
      ],
      [
        103.504621,
        29.766147
      ],
      [
        103.505893,
        29.765799
      ],
      [
        103.507659,
        29.765168
      ],
      [
        103.508621,
        29.76483
      ],
      [
        103.51025,
        29.764274
      ],
      [
        103.512717,
        29.763428
      ],
      [
        103.515707,
        29.762418
      ],
      [
        103.517666,
        29.761747
      ],
      [
        103.517909,
        29.761654
      ],
      [
        103.519328,
        29.76099
      ],
      [
        103.520386,
        29.760329
      ],
      [
        103.521616,
        29.75923
      ],
      [
        103.522132,
        29.758624
      ],
      [
        103.523289,
        29.756995
      ],
      [
        103.523735,
        29.756379
      ],
      [
        103.524381,
        29.755648
      ],
      [
        103.541625,
        29.739784
      ],
      [
        103.541782,
        29.739633
      ],
      [
        103.543111,
        29.738138
      ],
      [
        103.544023,
        29.737143
      ],
      [
        103.544919,
        29.736137
      ],
      [
        103.545311,
        29.735711
      ],
      [
        103.54613,
        29.734712
      ],
      [
        103.546314,
        29.734434
      ],
      [
        103.546764,
        29.733785
      ],
      [
        103.547239,
        29.732968
      ],
      [
        103.547781,
        29.731659
      ],
      [
        103.548017,
        29.730771
      ],
      [
        103.548095,
        29.730356
      ],
      [
        103.548166,
        29.729575
      ],
      [
        103.548227,
        29.729218
      ],
      [
        103.548221,
        29.728662
      ],
      [
        103.548163,
        29.727746
      ],
      [
        103.54772,
        29.725899
      ],
      [
        103.547073,
        29.723918
      ],
      [
        103.5465,
        29.722085
      ],
      [
        103.545878,
        29.719885
      ],
      [
        103.545766,
        29.719231
      ],
      [
        103.545682,
        29.718025
      ],
      [
        103.545671,
        29.717432
      ],
      [
        103.54577,
        29.716421
      ],
      [
        103.546006,
        29.714634
      ],
      [
        103.546075,
        29.714171
      ],
      [
        103.546449,
        29.712036
      ],
      [
        103.546512,
        29.711542
      ],
      [
        103.546662,
        29.710726
      ],
      [
        103.546743,
        29.710056
      ],
      [
        103.546831,
        29.709332
      ],
      [
        103.547137,
        29.70768
      ],
      [
        103.547437,
        29.706448
      ],
      [
        103.548049,
        29.704764
      ],
      [
        103.548489,
        29.703711
      ],
      [
        103.548728,
        29.703196
      ],
      [
        103.548845,
        29.702917
      ],
      [
        103.549151,
        29.702315
      ],
      [
        103.550372,
        29.700185
      ],
      [
        103.551703,
        29.697879
      ],
      [
        103.553267,
        29.695191
      ],
      [
        103.554244,
        29.6935
      ],
      [
        103.554939,
        29.692372
      ],
      [
        103.555323,
        29.691727
      ],
      [
        103.556405,
        29.690088
      ],
      [
        103.556906,
        29.689411
      ],
      [
        103.557354,
        29.688852
      ],
      [
        103.558989,
        29.686984
      ],
      [
        103.559382,
        29.686565
      ],
      [
        103.560313,
        29.685689
      ],
      [
        103.561181,
        29.684929
      ],
      [
        103.562267,
        29.684026
      ],
      [
        103.563238,
        29.683182
      ],
      [
        103.564403,
        29.682052
      ],
      [
        103.56533,
        29.681152
      ],
      [
        103.56629,
        29.680028
      ],
      [
        103.56693,
        29.679132
      ],
      [
        103.567616,
        29.678163
      ],
      [
        103.567919,
        29.677748
      ],
      [
        103.568269,
        29.677267
      ],
      [
        103.568703,
        29.676671
      ],
      [
        103.570025,
        29.674761
      ],
      [
        103.57044,
        29.674171
      ],
      [
        103.571488,
        29.672587
      ],
      [
        103.572436,
        29.671288
      ],
      [
        103.572577,
        29.671081
      ],
      [
        103.573014,
        29.670466
      ],
      [
        103.573477,
        29.669759
      ],
      [
        103.573876,
        29.669183
      ],
      [
        103.574666,
        29.668039
      ],
      [
        103.575759,
        29.666137
      ],
      [
        103.576181,
        29.665165
      ],
      [
        103.576476,
        29.66448
      ],
      [
        103.576578,
        29.664228
      ],
      [
        103.577245,
        29.662251
      ],
      [
        103.577732,
        29.660448
      ],
      [
        103.578015,
        29.658824
      ],
      [
        103.578157,
        29.657486
      ],
      [
        103.578311,
        29.655598
      ],
      [
        103.578458,
        29.653998
      ],
      [
        103.578599,
        29.65217
      ],
      [
        103.578787,
        29.650865
      ],
      [
        103.578845,
        29.650155
      ],
      [
        103.57892,
        29.649222
      ],
      [
        103.579036,
        29.647287
      ],
      [
        103.579256,
        29.645024
      ],
      [
        103.579468,
        29.64377
      ],
      [
        103.579816,
        29.642059
      ],
      [
        103.580074,
        29.641129
      ],
      [
        103.580677,
        29.639605
      ],
      [
        103.581097,
        29.638528
      ],
      [
        103.581918,
        29.636839
      ],
      [
        103.58293,
        29.634778
      ],
      [
        103.583336,
        29.633931
      ],
      [
        103.583433,
        29.633728
      ],
      [
        103.583949,
        29.632651
      ],
      [
        103.584337,
        29.631839
      ],
      [
        103.584823,
        29.630605
      ],
      [
        103.585068,
        29.629866
      ],
      [
        103.585415,
        29.628155
      ],
      [
        103.58554,
        29.627314
      ],
      [
        103.585562,
        29.627076
      ],
      [
        103.58557,
        29.62689
      ],
      [
        103.585597,
        29.625967
      ],
      [
        103.585601,
        29.625697
      ],
      [
        103.585347,
        29.623564
      ],
      [
        103.585032,
        29.621935
      ],
      [
        103.584982,
        29.621594
      ],
      [
        103.584815,
        29.620675
      ],
      [
        103.58477,
        29.620468
      ],
      [
        103.584576,
        29.619567
      ],
      [
        103.584098,
        29.617084
      ],
      [
        103.584053,
        29.616853
      ],
      [
        103.583976,
        29.616462
      ],
      [
        103.583887,
        29.616037
      ],
      [
        103.583746,
        29.615368
      ],
      [
        103.583345,
        29.613539
      ],
      [
        103.583186,
        29.61273
      ],
      [
        103.582919,
        29.611097
      ],
      [
        103.58282,
        29.610326
      ],
      [
        103.582695,
        29.609353
      ],
      [
        103.582688,
        29.607115
      ],
      [
        103.582686,
        29.606678
      ],
      [
        103.582838,
        29.604385
      ],
      [
        103.58297,
        29.603377
      ],
      [
        103.583246,
        29.601884
      ],
      [
        103.583471,
        29.600762
      ],
      [
        103.584887,
        29.593918
      ],
      [
        103.585369,
        29.592127
      ],
      [
        103.585554,
        29.591577
      ],
      [
        103.585643,
        29.591313
      ],
      [
        103.58575,
        29.591089
      ],
      [
        103.585934,
        29.590704
      ],
      [
        103.586162,
        29.590229
      ],
      [
        103.58735,
        29.588445
      ],
      [
        103.587734,
        29.58804
      ],
      [
        103.589042,
        29.586647
      ],
      [
        103.589903,
        29.585989
      ],
      [
        103.590244,
        29.585774
      ],
      [
        103.590763,
        29.585409
      ],
      [
        103.591242,
        29.585136
      ],
      [
        103.592187,
        29.584636
      ],
      [
        103.593532,
        29.584059
      ],
      [
        103.594989,
        29.58362
      ],
      [
        103.59646,
        29.583262
      ],
      [
        103.598039,
        29.582964
      ],
      [
        103.600159,
        29.582612
      ],
      [
        103.602064,
        29.582307
      ],
      [
        103.603698,
        29.582051
      ],
      [
        103.605297,
        29.581611
      ],
      [
        103.60635,
        29.581329
      ],
      [
        103.608779,
        29.580556
      ],
      [
        103.611051,
        29.579811
      ],
      [
        103.612497,
        29.579283
      ],
      [
        103.615425,
        29.578355
      ],
      [
        103.618055,
        29.577715
      ],
      [
        103.620731,
        29.577218
      ],
      [
        103.622659,
        29.576934
      ],
      [
        103.624122,
        29.576794
      ],
      [
        103.627282,
        29.576486
      ],
      [
        103.629493,
        29.576232
      ],
      [
        103.63021,
        29.576197
      ],
      [
        103.630571,
        29.576185
      ],
      [
        103.636323,
        29.575588
      ],
      [
        103.638094,
        29.57531
      ],
      [
        103.639497,
        29.574991
      ],
      [
        103.641334,
        29.574463
      ],
      [
        103.642406,
        29.574129
      ],
      [
        103.644344,
        29.573339
      ],
      [
        103.646273,
        29.572459
      ],
      [
        103.647669,
        29.57175
      ],
      [
        103.649921,
        29.570715
      ],
      [
        103.650236,
        29.570606
      ],
      [
        103.652685,
        29.569602
      ],
      [
        103.654465,
        29.568867
      ],
      [
        103.655012,
        29.568626
      ],
      [
        103.656272,
        29.568155
      ],
      [
        103.657915,
        29.567532
      ],
      [
        103.660194,
        29.566943
      ],
      [
        103.661036,
        29.56677
      ],
      [
        103.661845,
        29.566603
      ],
      [
        103.662523,
        29.566495
      ],
      [
        103.663542,
        29.566332
      ],
      [
        103.665342,
        29.566102
      ],
      [
        103.666085,
        29.565967
      ],
      [
        103.666839,
        29.565869
      ],
      [
        103.670503,
        29.565381
      ],
      [
        103.671012,
        29.565321
      ],
      [
        103.672776,
        29.565077
      ],
      [
        103.674964,
        29.564807
      ],
      [
        103.676054,
        29.564682
      ],
      [
        103.677968,
        29.564529
      ],
      [
        103.680178,
        29.564396
      ],
      [
        103.680834,
        29.564397
      ],
      [
        103.682899,
        29.564456
      ],
      [
        103.688842,
        29.564589
      ],
      [
        103.697862,
        29.564872
      ],
      [
        103.700082,
        29.564921
      ],
      [
        103.700976,
        29.564926
      ],
      [
        103.701825,
        29.564911
      ],
      [
        103.702568,
        29.56488
      ],
      [
        103.703432,
        29.564823
      ],
      [
        103.703892,
        29.564759
      ],
      [
        103.70412,
        29.564713
      ],
      [
        103.705495,
        29.56452
      ],
      [
        103.706693,
        29.564273
      ],
      [
        103.708495,
        29.563829
      ],
      [
        103.70998,
        29.563594
      ],
      [
        103.710869,
        29.563573
      ],
      [
        103.711504,
        29.563584
      ],
      [
        103.712204,
        29.563675
      ],
      [
        103.712538,
        29.56374
      ],
      [
        103.712789,
        29.563764
      ],
      [
        103.71429,
        29.564222
      ],
      [
        103.717029,
        29.564985
      ],
      [
        103.717748,
        29.56518
      ],
      [
        103.718217,
        29.564706
      ],
      [
        103.718572,
        29.564438
      ],
      [
        103.71904,
        29.56412
      ],
      [
        103.719118,
        29.564071
      ],
      [
        103.720334,
        29.563461
      ],
      [
        103.721007,
        29.563103
      ],
      [
        103.721703,
        29.562688
      ],
      [
        103.721762,
        29.562653
      ],
      [
        103.722498,
        29.562241
      ],
      [
        103.72322,
        29.561836
      ],
      [
        103.723388,
        29.561748
      ],
      [
        103.724367,
        29.561194
      ],
      [
        103.72722,
        29.559613
      ],
      [
        103.727747,
        29.559378
      ],
      [
        103.72847,
        29.559085
      ],
      [
        103.729075,
        29.558885
      ],
      [
        103.729601,
        29.558757
      ],
      [
        103.730408,
        29.558577
      ],
      [
        103.731659,
        29.558296
      ],
      [
        103.73241,
        29.558136
      ],
      [
        103.732734,
        29.558094
      ],
      [
        103.733255,
        29.558049
      ],
      [
        103.733562,
        29.55803
      ],
      [
        103.733936,
        29.558043
      ],
      [
        103.734155,
        29.558065
      ],
      [
        103.735562,
        29.55829
      ],
      [
        103.735791,
        29.558299
      ],
      [
        103.736046,
        29.5583
      ],
      [
        103.737922,
        29.558188
      ],
      [
        103.738414,
        29.558185
      ],
      [
        103.738816,
        29.558216
      ],
      [
        103.738903,
        29.558225
      ],
      [
        103.739419,
        29.558359
      ],
      [
        103.740091,
        29.558589
      ],
      [
        103.740568,
        29.558721
      ],
      [
        103.740972,
        29.55878
      ],
      [
        103.741302,
        29.558799
      ],
      [
        103.742856,
        29.558751
      ],
      [
        103.743323,
        29.558758
      ],
      [
        103.743776,
        29.558739
      ],
      [
        103.744093,
        29.558736
      ],
      [
        103.744321,
        29.558728
      ],
      [
        103.744544,
        29.558686
      ],
      [
        103.744694,
        29.558647
      ],
      [
        103.744835,
        29.558602
      ],
      [
        103.744942,
        29.558569
      ],
      [
        103.745042,
        29.558558
      ],
      [
        103.745141,
        29.558544
      ],
      [
        103.745259,
        29.558535
      ],
      [
        103.745398,
        29.558535
      ],
      [
        103.746269,
        29.558623
      ],
      [
        103.746513,
        29.558641
      ],
      [
        103.746708,
        29.558618
      ],
      [
        103.74683,
        29.558593
      ],
      [
        103.746966,
        29.558537
      ],
      [
        103.747163,
        29.558425
      ],
      [
        103.747282,
        29.558335
      ],
      [
        103.747373,
        29.558236
      ],
      [
        103.747442,
        29.558136
      ],
      [
        103.747563,
        29.557947
      ],
      [
        103.747639,
        29.557836
      ],
      [
        103.747741,
        29.557754
      ],
      [
        103.747867,
        29.557683
      ],
      [
        103.748057,
        29.557605
      ],
      [
        103.748425,
        29.557524
      ],
      [
        103.748721,
        29.557489
      ],
      [
        103.748962,
        29.557499
      ],
      [
        103.751103,
        29.5577
      ],
      [
        103.751227,
        29.557711
      ],
      [
        103.752233,
        29.55778
      ],
      [
        103.752926,
        29.55779
      ],
      [
        103.753576,
        29.55778
      ],
      [
        103.75462,
        29.557713
      ],
      [
        103.756717,
        29.557601
      ],
      [
        103.757032,
        29.557584
      ],
      [
        103.757185,
        29.557591
      ],
      [
        103.758043,
        29.557508
      ],
      [
        103.758212,
        29.55747
      ],
      [
        103.758413,
        29.557441
      ],
      [
        103.758562,
        29.557394
      ],
      [
        103.758824,
        29.557254
      ],
      [
        103.759516,
        29.556901
      ],
      [
        103.760235,
        29.556479
      ],
      [
        103.762457,
        29.555194
      ],
      [
        103.762658,
        29.555066
      ],
      [
        103.762759,
        29.555002
      ],
      [
        103.763358,
        29.554615
      ],
      [
        103.763938,
        29.55413
      ],
      [
        103.76456,
        29.553551
      ],
      [
        103.764968,
        29.55329
      ],
      [
        103.765547,
        29.553122
      ],
      [
        103.765602,
        29.553606
      ],
      [
        103.766115,
        29.553563
      ],
      [
        103.766283,
        29.553485
      ],
      [
        103.766534,
        29.55329
      ],
      [
        103.766342,
        29.553177
      ],
      [
        103.766169,
        29.553119
      ],
      [
        103.766019,
        29.553085
      ],
      [
        103.765705,
        29.55311
      ],
      [
        103.765547,
        29.553122
      ],
      [
        103.764968,
        29.55329
      ],
      [
        103.76456,
        29.553551
      ],
      [
        103.763938,
        29.55413
      ],
      [
        103.763358,
        29.554615
      ],
      [
        103.762759,
        29.555002
      ],
      [
        103.762658,
        29.555066
      ],
      [
        103.762457,
        29.555194
      ],
      [
        103.760235,
        29.556479
      ],
      [
        103.759516,
        29.556901
      ],
      [
        103.758824,
        29.557254
      ],
      [
        103.758562,
        29.557394
      ],
      [
        103.758378,
        29.557548
      ],
      [
        103.758325,
        29.557676
      ],
      [
        103.758291,
        29.557733
      ],
      [
        103.75824,
        29.557769
      ],
      [
        103.758189,
        29.557805
      ],
      [
        103.757906,
        29.55787
      ],
      [
        103.757838,
        29.55788
      ],
      [
        103.757745,
        29.557894
      ],
      [
        103.757539,
        29.557915
      ],
      [
        103.757217,
        29.55795
      ],
      [
        103.757139,
        29.557958
      ],
      [
        103.757071,
        29.557944
      ],
      [
        103.756995,
        29.557896
      ],
      [
        103.756965,
        29.557831
      ],
      [
        103.756935,
        29.557762
      ],
      [
        103.756902,
        29.557704
      ],
      [
        103.756813,
        29.557653
      ],
      [
        103.756657,
        29.557657
      ],
      [
        103.754767,
        29.557767
      ],
      [
        103.753529,
        29.55784
      ],
      [
        103.752976,
        29.557859
      ],
      [
        103.752289,
        29.55785
      ],
      [
        103.751696,
        29.557807
      ],
      [
        103.751094,
        29.557757
      ],
      [
        103.75089,
        29.55774
      ],
      [
        103.749495,
        29.557605
      ],
      [
        103.748866,
        29.557559
      ],
      [
        103.74862,
        29.557567
      ],
      [
        103.748362,
        29.557611
      ],
      [
        103.748033,
        29.557687
      ],
      [
        103.747832,
        29.557778
      ],
      [
        103.747683,
        29.557881
      ],
      [
        103.747565,
        29.558078
      ],
      [
        103.747399,
        29.558344
      ],
      [
        103.74723,
        29.558501
      ],
      [
        103.747056,
        29.558596
      ],
      [
        103.746894,
        29.55865
      ],
      [
        103.746618,
        29.558696
      ],
      [
        103.746341,
        29.558695
      ],
      [
        103.7455,
        29.558599
      ],
      [
        103.74527,
        29.558592
      ],
      [
        103.745115,
        29.558611
      ],
      [
        103.745021,
        29.558636
      ],
      [
        103.744819,
        29.558691
      ],
      [
        103.744613,
        29.558747
      ],
      [
        103.744462,
        29.558779
      ],
      [
        103.744337,
        29.5588
      ],
      [
        103.744103,
        29.558807
      ],
      [
        103.74385,
        29.558814
      ],
      [
        103.742085,
        29.558839
      ],
      [
        103.741257,
        29.558853
      ],
      [
        103.740996,
        29.558851
      ],
      [
        103.740694,
        29.558822
      ],
      [
        103.74037,
        29.558741
      ],
      [
        103.739328,
        29.558424
      ],
      [
        103.738985,
        29.558333
      ],
      [
        103.738886,
        29.558313
      ],
      [
        103.738801,
        29.558296
      ],
      [
        103.738577,
        29.558257
      ],
      [
        103.738202,
        29.558238
      ],
      [
        103.737816,
        29.558257
      ],
      [
        103.736087,
        29.558348
      ],
      [
        103.735667,
        29.55837
      ],
      [
        103.735459,
        29.558364
      ],
      [
        103.735242,
        29.558337
      ],
      [
        103.733866,
        29.558119
      ],
      [
        103.733576,
        29.558099
      ],
      [
        103.733268,
        29.558105
      ],
      [
        103.732983,
        29.558128
      ],
      [
        103.732487,
        29.558191
      ],
      [
        103.732211,
        29.558239
      ],
      [
        103.730895,
        29.558545
      ],
      [
        103.729628,
        29.558829
      ],
      [
        103.72939,
        29.558882
      ],
      [
        103.728751,
        29.559049
      ],
      [
        103.728361,
        29.559196
      ],
      [
        103.727389,
        29.55961
      ],
      [
        103.727263,
        29.559681
      ],
      [
        103.726079,
        29.560338
      ],
      [
        103.724721,
        29.561128
      ],
      [
        103.723751,
        29.561681
      ],
      [
        103.723506,
        29.561872
      ],
      [
        103.723332,
        29.561965
      ],
      [
        103.722568,
        29.562381
      ],
      [
        103.720981,
        29.563244
      ],
      [
        103.720173,
        29.563699
      ],
      [
        103.719553,
        29.564011
      ],
      [
        103.719225,
        29.564204
      ],
      [
        103.719146,
        29.564245
      ],
      [
        103.718598,
        29.564643
      ],
      [
        103.718062,
        29.565128
      ],
      [
        103.717965,
        29.565255
      ],
      [
        103.717782,
        29.565495
      ],
      [
        103.71754,
        29.565388
      ],
      [
        103.714176,
        29.564474
      ],
      [
        103.712742,
        29.563931
      ],
      [
        103.712452,
        29.563857
      ],
      [
        103.712163,
        29.563797
      ],
      [
        103.711516,
        29.563704
      ],
      [
        103.71088,
        29.563677
      ],
      [
        103.709989,
        29.563709
      ],
      [
        103.709323,
        29.563802
      ],
      [
        103.708263,
        29.564014
      ],
      [
        103.707033,
        29.564305
      ],
      [
        103.705948,
        29.564528
      ],
      [
        103.704957,
        29.564704
      ],
      [
        103.704233,
        29.564894
      ],
      [
        103.702775,
        29.565089
      ],
      [
        103.702419,
        29.56515
      ],
      [
        103.702075,
        29.565306
      ],
      [
        103.701842,
        29.565495
      ],
      [
        103.701736,
        29.565698
      ],
      [
        103.701724,
        29.565876
      ],
      [
        103.701797,
        29.566078
      ],
      [
        103.701936,
        29.566217
      ],
      [
        103.702206,
        29.566317
      ],
      [
        103.702517,
        29.56631
      ],
      [
        103.702734,
        29.566199
      ],
      [
        103.702977,
        29.56591
      ],
      [
        103.70312,
        29.565383
      ],
      [
        103.703363,
        29.56449
      ],
      [
        103.703632,
        29.563121
      ],
      [
        103.703746,
        29.562471
      ],
      [
        103.703884,
        29.562056
      ],
      [
        103.703928,
        29.56177
      ],
      [
        103.704046,
        29.560815
      ],
      [
        103.704142,
        29.560151
      ],
      [
        103.704369,
        29.558551
      ],
      [
        103.704465,
        29.557827
      ],
      [
        103.704587,
        29.557044
      ],
      [
        103.704696,
        29.556227
      ],
      [
        103.704801,
        29.555522
      ],
      [
        103.704927,
        29.554735
      ],
      [
        103.704974,
        29.554383
      ],
      [
        103.705016,
        29.553972
      ],
      [
        103.70509,
        29.553425
      ],
      [
        103.705132,
        29.553142
      ],
      [
        103.705182,
        29.55284
      ],
      [
        103.705265,
        29.552227
      ],
      [
        103.705336,
        29.551852
      ],
      [
        103.705357,
        29.55171
      ],
      [
        103.705376,
        29.551566
      ],
      [
        103.705498,
        29.550389
      ],
      [
        103.70555,
        29.549856
      ],
      [
        103.705613,
        29.54947
      ],
      [
        103.70565,
        29.549147
      ],
      [
        103.7062,
        29.544333
      ],
      [
        103.70683,
        29.541781
      ],
      [
        103.707522,
        29.539241
      ],
      [
        103.708252,
        29.537182
      ],
      [
        103.709402,
        29.534016
      ],
      [
        103.709963,
        29.53206
      ],
      [
        103.710265,
        29.530682
      ],
      [
        103.710425,
        29.529704
      ],
      [
        103.710562,
        29.528574
      ],
      [
        103.71063,
        29.527778
      ],
      [
        103.710699,
        29.526629
      ],
      [
        103.710713,
        29.525932
      ],
      [
        103.710662,
        29.521357
      ],
      [
        103.710702,
        29.52082
      ],
      [
        103.710754,
        29.520473
      ],
      [
        103.710899,
        29.519677
      ],
      [
        103.711062,
        29.519023
      ],
      [
        103.711252,
        29.518402
      ],
      [
        103.711524,
        29.517705
      ],
      [
        103.711683,
        29.517356
      ],
      [
        103.712331,
        29.516113
      ],
      [
        103.712566,
        29.51579
      ],
      [
        103.713135,
        29.515121
      ],
      [
        103.713452,
        29.514768
      ],
      [
        103.714527,
        29.513592
      ],
      [
        103.71572,
        29.512538
      ],
      [
        103.716329,
        29.511931
      ],
      [
        103.717099,
        29.51125
      ],
      [
        103.717643,
        29.510722
      ],
      [
        103.718501,
        29.50991
      ],
      [
        103.718681,
        29.509711
      ],
      [
        103.718923,
        29.509443
      ],
      [
        103.719726,
        29.508519
      ],
      [
        103.720905,
        29.506605
      ],
      [
        103.721579,
        29.505233
      ],
      [
        103.722027,
        29.504268
      ],
      [
        103.722327,
        29.503595
      ],
      [
        103.722799,
        29.502792
      ],
      [
        103.723464,
        29.501728
      ],
      [
        103.724151,
        29.500644
      ],
      [
        103.724902,
        29.499524
      ],
      [
        103.725782,
        29.498235
      ],
      [
        103.726082,
        29.497768
      ],
      [
        103.726383,
        29.497208
      ],
      [
        103.727069,
        29.49549
      ],
      [
        103.728142,
        29.491493
      ],
      [
        103.728421,
        29.490484
      ],
      [
        103.729001,
        29.488449
      ],
      [
        103.729558,
        29.486599
      ],
      [
        103.73149,
        29.481481
      ],
      [
        103.734684,
        29.473841
      ],
      [
        103.735048,
        29.473075
      ],
      [
        103.736293,
        29.470535
      ],
      [
        103.736701,
        29.469918
      ],
      [
        103.737986,
        29.467801
      ],
      [
        103.738438,
        29.467055
      ],
      [
        103.739683,
        29.465397
      ],
      [
        103.740627,
        29.464071
      ],
      [
        103.741402,
        29.463116
      ],
      [
        103.742537,
        29.461717
      ],
      [
        103.743334,
        29.460626
      ],
      [
        103.744554,
        29.458952
      ],
      [
        103.745777,
        29.457065
      ],
      [
        103.746399,
        29.456
      ],
      [
        103.74685,
        29.455234
      ],
      [
        103.747429,
        29.454206
      ],
      [
        103.747708,
        29.453683
      ],
      [
        103.748159,
        29.452723
      ],
      [
        103.749137,
        29.450648
      ],
      [
        103.749824,
        29.449146
      ],
      [
        103.750646,
        29.447378
      ],
      [
        103.751009,
        29.446639
      ],
      [
        103.751714,
        29.445263
      ],
      [
        103.752245,
        29.444283
      ],
      [
        103.753434,
        29.442279
      ],
      [
        103.754036,
        29.441197
      ],
      [
        103.754909,
        29.439907
      ],
      [
        103.755964,
        29.438394
      ],
      [
        103.756571,
        29.437507
      ],
      [
        103.757536,
        29.436249
      ],
      [
        103.75833,
        29.435238
      ],
      [
        103.759219,
        29.433935
      ],
      [
        103.761285,
        29.430778
      ],
      [
        103.762628,
        29.428402
      ],
      [
        103.763419,
        29.427011
      ],
      [
        103.764377,
        29.425185
      ],
      [
        103.764539,
        29.424888
      ],
      [
        103.765641,
        29.422812
      ],
      [
        103.7659,
        29.422354
      ],
      [
        103.766561,
        29.42137
      ],
      [
        103.767195,
        29.420357
      ],
      [
        103.767515,
        29.41989
      ],
      [
        103.767868,
        29.419425
      ],
      [
        103.768885,
        29.418136
      ],
      [
        103.769212,
        29.417735
      ],
      [
        103.769708,
        29.417173
      ],
      [
        103.769876,
        29.416976
      ],
      [
        103.770139,
        29.416609
      ],
      [
        103.770648,
        29.416032
      ],
      [
        103.770978,
        29.415668
      ],
      [
        103.771331,
        29.415331
      ],
      [
        103.771712,
        29.414917
      ],
      [
        103.771941,
        29.414606
      ],
      [
        103.772232,
        29.414201
      ],
      [
        103.772405,
        29.413978
      ],
      [
        103.772601,
        29.413759
      ],
      [
        103.772899,
        29.413458
      ],
      [
        103.773289,
        29.413076
      ],
      [
        103.773571,
        29.412752
      ],
      [
        103.774015,
        29.412179
      ],
      [
        103.774246,
        29.411864
      ],
      [
        103.774442,
        29.411581
      ],
      [
        103.774572,
        29.411345
      ],
      [
        103.774757,
        29.410974
      ],
      [
        103.774909,
        29.4107
      ],
      [
        103.775039,
        29.410416
      ],
      [
        103.77541,
        29.409545
      ],
      [
        103.775552,
        29.40926
      ],
      [
        103.775803,
        29.40872
      ],
      [
        103.775948,
        29.408318
      ],
      [
        103.776047,
        29.407902
      ],
      [
        103.776257,
        29.406933
      ],
      [
        103.776404,
        29.406114
      ],
      [
        103.776537,
        29.405248
      ],
      [
        103.776592,
        29.404558
      ],
      [
        103.776694,
        29.402802
      ],
      [
        103.777,
        29.3979
      ],
      [
        103.777235,
        29.395014
      ],
      [
        103.777235,
        29.394159
      ],
      [
        103.777318,
        29.393087
      ],
      [
        103.777485,
        29.391415
      ],
      [
        103.777556,
        29.390139
      ],
      [
        103.777716,
        29.388826
      ],
      [
        103.778402,
        29.385834
      ],
      [
        103.778777,
        29.384647
      ],
      [
        103.778952,
        29.38412
      ],
      [
        103.779251,
        29.383346
      ],
      [
        103.779347,
        29.383121
      ],
      [
        103.779465,
        29.382869
      ],
      [
        103.779593,
        29.38261
      ],
      [
        103.77973,
        29.382359
      ],
      [
        103.779878,
        29.382108
      ],
      [
        103.7807,
        29.38079
      ],
      [
        103.782157,
        29.37925
      ],
      [
        103.783868,
        29.377646
      ],
      [
        103.784963,
        29.37646
      ],
      [
        103.785307,
        29.37596
      ],
      [
        103.785486,
        29.3757
      ],
      [
        103.785875,
        29.375028
      ],
      [
        103.786265,
        29.374322
      ],
      [
        103.787266,
        29.372132
      ],
      [
        103.787868,
        29.371137
      ],
      [
        103.788223,
        29.370647
      ],
      [
        103.788655,
        29.370112
      ],
      [
        103.790609,
        29.368414
      ],
      [
        103.791243,
        29.367881
      ],
      [
        103.791865,
        29.367272
      ],
      [
        103.792441,
        29.366575
      ],
      [
        103.793746,
        29.36481
      ],
      [
        103.794667,
        29.363558
      ],
      [
        103.795272,
        29.362862
      ],
      [
        103.795415,
        29.362697
      ],
      [
        103.795599,
        29.3625
      ],
      [
        103.795775,
        29.362339
      ],
      [
        103.795961,
        29.362177
      ],
      [
        103.796485,
        29.36177
      ],
      [
        103.796993,
        29.361389
      ],
      [
        103.799346,
        29.359873
      ],
      [
        103.80044,
        29.359179
      ],
      [
        103.800838,
        29.35892
      ],
      [
        103.801423,
        29.358539
      ],
      [
        103.802803,
        29.357403
      ],
      [
        103.803872,
        29.356294
      ],
      [
        103.804198,
        29.355966
      ],
      [
        103.80461,
        29.355544
      ],
      [
        103.804928,
        29.355211
      ],
      [
        103.805693,
        29.354432
      ],
      [
        103.806371,
        29.353886
      ],
      [
        103.807368,
        29.353106
      ],
      [
        103.808441,
        29.352381
      ],
      [
        103.811301,
        29.350516
      ],
      [
        103.811662,
        29.350282
      ],
      [
        103.812624,
        29.349612
      ],
      [
        103.813133,
        29.349224
      ],
      [
        103.813587,
        29.348843
      ],
      [
        103.814208,
        29.348237
      ],
      [
        103.814859,
        29.347508
      ],
      [
        103.815879,
        29.346325
      ],
      [
        103.817862,
        29.34405
      ],
      [
        103.81896,
        29.34294
      ],
      [
        103.819438,
        29.342507
      ],
      [
        103.820011,
        29.342067
      ],
      [
        103.821566,
        29.341051
      ],
      [
        103.822848,
        29.340198
      ],
      [
        103.823933,
        29.339344
      ],
      [
        103.824568,
        29.338731
      ],
      [
        103.825306,
        29.337956
      ],
      [
        103.825625,
        29.337603
      ],
      [
        103.825838,
        29.33737
      ],
      [
        103.830518,
        29.332039
      ],
      [
        103.832356,
        29.329731
      ],
      [
        103.833271,
        29.328492
      ],
      [
        103.835263,
        29.325454
      ],
      [
        103.836843,
        29.323248
      ],
      [
        103.838106,
        29.321642
      ],
      [
        103.839435,
        29.32011
      ],
      [
        103.84018,
        29.319199
      ],
      [
        103.840615,
        29.318637
      ],
      [
        103.841109,
        29.317958
      ],
      [
        103.841578,
        29.317269
      ],
      [
        103.841851,
        29.316848
      ],
      [
        103.842105,
        29.316439
      ],
      [
        103.842501,
        29.315773
      ],
      [
        103.842876,
        29.315113
      ],
      [
        103.843605,
        29.313678
      ],
      [
        103.845064,
        29.310429
      ],
      [
        103.84611,
        29.308037
      ],
      [
        103.8466,
        29.306896
      ],
      [
        103.847015,
        29.305844
      ],
      [
        103.847685,
        29.303907
      ],
      [
        103.848208,
        29.302047
      ],
      [
        103.848389,
        29.301313
      ],
      [
        103.849268,
        29.297709
      ],
      [
        103.849351,
        29.297382
      ],
      [
        103.849755,
        29.29578
      ],
      [
        103.849948,
        29.295074
      ],
      [
        103.850178,
        29.294325
      ],
      [
        103.850424,
        29.293674
      ],
      [
        103.850703,
        29.293035
      ],
      [
        103.851012,
        29.292416
      ],
      [
        103.851369,
        29.291808
      ],
      [
        103.851668,
        29.291338
      ],
      [
        103.852233,
        29.290574
      ],
      [
        103.852518,
        29.290247
      ],
      [
        103.854212,
        29.288687
      ],
      [
        103.856911,
        29.286398
      ],
      [
        103.86157,
        29.282281
      ],
      [
        103.862063,
        29.28184
      ],
      [
        103.862666,
        29.281292
      ],
      [
        103.863221,
        29.280765
      ],
      [
        103.86364,
        29.280346
      ],
      [
        103.864232,
        29.279701
      ],
      [
        103.864614,
        29.27925
      ],
      [
        103.864848,
        29.278906
      ],
      [
        103.865242,
        29.278368
      ],
      [
        103.865624,
        29.277712
      ],
      [
        103.865994,
        29.276992
      ],
      [
        103.866512,
        29.275648
      ],
      [
        103.866672,
        29.275025
      ],
      [
        103.8673,
        29.272681
      ],
      [
        103.867719,
        29.27095
      ],
      [
        103.867892,
        29.270327
      ],
      [
        103.868323,
        29.268725
      ],
      [
        103.868471,
        29.268284
      ],
      [
        103.869075,
        29.266295
      ],
      [
        103.869297,
        29.265801
      ],
      [
        103.870221,
        29.264037
      ],
      [
        103.870874,
        29.263005
      ],
      [
        103.87133,
        29.262446
      ],
      [
        103.872242,
        29.26164
      ],
      [
        103.87292,
        29.261113
      ],
      [
        103.87361,
        29.260608
      ],
      [
        103.877345,
        29.258092
      ],
      [
        103.878195,
        29.257522
      ],
      [
        103.878885,
        29.25707
      ],
      [
        103.879772,
        29.256544
      ],
      [
        103.880426,
        29.25621
      ],
      [
        103.881485,
        29.255683
      ],
      [
        103.882804,
        29.255221
      ],
      [
        103.884303,
        29.254759
      ],
      [
        103.884975,
        29.254649
      ],
      [
        103.885619,
        29.25457
      ],
      [
        103.887663,
        29.25456
      ],
      [
        103.889876,
        29.254615
      ],
      [
        103.892116,
        29.25459
      ],
      [
        103.895511,
        29.254553
      ],
      [
        103.896835,
        29.254479
      ],
      [
        103.897896,
        29.254363
      ],
      [
        103.898748,
        29.254128
      ],
      [
        103.899664,
        29.253812
      ],
      [
        103.900822,
        29.253286
      ],
      [
        103.901796,
        29.252608
      ],
      [
        103.902461,
        29.251963
      ],
      [
        103.903065,
        29.251243
      ],
      [
        103.903488,
        29.250625
      ],
      [
        103.903662,
        29.250293
      ],
      [
        103.903983,
        29.249576
      ],
      [
        103.904157,
        29.248899
      ],
      [
        103.904316,
        29.24822
      ],
      [
        103.904362,
        29.247473
      ],
      [
        103.904313,
        29.24646
      ],
      [
        103.90408,
        29.244548
      ],
      [
        103.903649,
        29.241899
      ],
      [
        103.903291,
        29.240133
      ],
      [
        103.903133,
        29.239044
      ],
      [
        103.903087,
        29.238277
      ],
      [
        103.90311,
        29.23755
      ],
      [
        103.90324,
        29.236719
      ],
      [
        103.903382,
        29.236169
      ],
      [
        103.903581,
        29.235527
      ],
      [
        103.904167,
        29.234126
      ],
      [
        103.904736,
        29.233394
      ],
      [
        103.905174,
        29.232946
      ],
      [
        103.906401,
        29.23186
      ],
      [
        103.908631,
        29.230116
      ],
      [
        103.911205,
        29.22809
      ],
      [
        103.911461,
        29.227862
      ],
      [
        103.91207,
        29.227396
      ],
      [
        103.913878,
        29.225958
      ],
      [
        103.915255,
        29.224942
      ],
      [
        103.915419,
        29.224826
      ],
      [
        103.916539,
        29.224118
      ],
      [
        103.918937,
        29.222703
      ],
      [
        103.923169,
        29.220652
      ],
      [
        103.924754,
        29.219744
      ],
      [
        103.926011,
        29.218946
      ],
      [
        103.926823,
        29.218327
      ],
      [
        103.928408,
        29.216972
      ],
      [
        103.9299,
        29.215092
      ],
      [
        103.933388,
        29.209806
      ],
      [
        103.934406,
        29.208325
      ],
      [
        103.93549,
        29.206521
      ],
      [
        103.936058,
        29.205296
      ],
      [
        103.936301,
        29.204794
      ],
      [
        103.936642,
        29.203618
      ],
      [
        103.936906,
        29.202538
      ],
      [
        103.93715,
        29.201005
      ],
      [
        103.937882,
        29.198136
      ],
      [
        103.938316,
        29.197055
      ],
      [
        103.93871,
        29.196248
      ],
      [
        103.939981,
        29.193996
      ],
      [
        103.941027,
        29.192014
      ],
      [
        103.941533,
        29.190703
      ],
      [
        103.941879,
        29.189646
      ],
      [
        103.942087,
        29.187949
      ],
      [
        103.942258,
        29.185695
      ],
      [
        103.94254,
        29.184241
      ],
      [
        103.943445,
        29.181739
      ],
      [
        103.944003,
        29.180422
      ],
      [
        103.944599,
        29.178456
      ],
      [
        103.944877,
        29.176439
      ],
      [
        103.945075,
        29.17519
      ],
      [
        103.945202,
        29.173771
      ],
      [
        103.945418,
        29.170962
      ],
      [
        103.945595,
        29.1685
      ],
      [
        103.94567,
        29.168083
      ],
      [
        103.945924,
        29.16641
      ],
      [
        103.945967,
        29.166182
      ],
      [
        103.946284,
        29.164777
      ],
      [
        103.946366,
        29.164414
      ],
      [
        103.946533,
        29.163843
      ],
      [
        103.947176,
        29.162269
      ],
      [
        103.948669,
        29.158995
      ],
      [
        103.950428,
        29.155572
      ],
      [
        103.951416,
        29.153461
      ],
      [
        103.9527,
        29.150887
      ],
      [
        103.952832,
        29.150603
      ],
      [
        103.953721,
        29.149341
      ],
      [
        103.954307,
        29.148623
      ],
      [
        103.954745,
        29.148175
      ],
      [
        103.955453,
        29.147558
      ],
      [
        103.956475,
        29.146809
      ],
      [
        103.957589,
        29.146192
      ],
      [
        103.958459,
        29.145797
      ],
      [
        103.959468,
        29.145429
      ],
      [
        103.959648,
        29.145363
      ],
      [
        103.961198,
        29.144876
      ],
      [
        103.961302,
        29.144843
      ],
      [
        103.96198,
        29.14463
      ],
      [
        103.964772,
        29.143752
      ],
      [
        103.965011,
        29.14368
      ],
      [
        103.970996,
        29.141865
      ],
      [
        103.971958,
        29.141573
      ],
      [
        103.973454,
        29.141015
      ],
      [
        103.974116,
        29.140768
      ],
      [
        103.975522,
        29.140055
      ],
      [
        103.976295,
        29.139566
      ],
      [
        103.977404,
        29.138536
      ],
      [
        103.981244,
        29.134646
      ],
      [
        103.981932,
        29.134018
      ],
      [
        103.982952,
        29.133282
      ],
      [
        103.986128,
        29.131224
      ],
      [
        103.987078,
        29.130442
      ],
      [
        103.987736,
        29.129814
      ],
      [
        103.988267,
        29.129076
      ],
      [
        103.989073,
        29.127812
      ],
      [
        103.99111,
        29.124177
      ],
      [
        103.993138,
        29.120417
      ],
      [
        103.994212,
        29.11834
      ],
      [
        103.995269,
        29.116189
      ],
      [
        103.99602,
        29.114618
      ],
      [
        103.997076,
        29.112778
      ],
      [
        103.997995,
        29.111535
      ],
      [
        103.998858,
        29.110641
      ],
      [
        103.999692,
        29.110088
      ],
      [
        104.000534,
        29.109486
      ],
      [
        104.001018,
        29.109242
      ],
      [
        104.002193,
        29.108705
      ],
      [
        104.003729,
        29.10824
      ],
      [
        104.004958,
        29.107968
      ],
      [
        104.007141,
        29.107564
      ],
      [
        104.008735,
        29.107269
      ],
      [
        104.010451,
        29.106873
      ],
      [
        104.012174,
        29.106401
      ],
      [
        104.015174,
        29.105365
      ],
      [
        104.018421,
        29.104056
      ],
      [
        104.019233,
        29.103751
      ],
      [
        104.019683,
        29.103609
      ],
      [
        104.020134,
        29.103492
      ],
      [
        104.02129,
        29.103185
      ],
      [
        104.022628,
        29.102914
      ],
      [
        104.024559,
        29.102568
      ],
      [
        104.02532,
        29.102413
      ],
      [
        104.025718,
        29.102313
      ],
      [
        104.0261,
        29.102211
      ],
      [
        104.027081,
        29.101907
      ],
      [
        104.027882,
        29.101579
      ],
      [
        104.032006,
        29.099778
      ],
      [
        104.034444,
        29.098775
      ],
      [
        104.035946,
        29.098243
      ],
      [
        104.036685,
        29.098015
      ],
      [
        104.037577,
        29.097785
      ],
      [
        104.039537,
        29.097265
      ],
      [
        104.040814,
        29.096939
      ],
      [
        104.042427,
        29.096451
      ],
      [
        104.043507,
        29.096078
      ],
      [
        104.044112,
        29.09581
      ],
      [
        104.044921,
        29.095443
      ],
      [
        104.045794,
        29.094921
      ],
      [
        104.046546,
        29.094376
      ],
      [
        104.048477,
        29.092835
      ],
      [
        104.04975,
        29.092046
      ],
      [
        104.050388,
        29.091673
      ],
      [
        104.05099,
        29.091347
      ],
      [
        104.05225,
        29.090924
      ],
      [
        104.053033,
        29.090731
      ],
      [
        104.054027,
        29.090496
      ],
      [
        104.055037,
        29.090345
      ],
      [
        104.056065,
        29.090321
      ],
      [
        104.058125,
        29.090419
      ],
      [
        104.062406,
        29.090771
      ],
      [
        104.065496,
        29.090977
      ],
      [
        104.066907,
        29.090827
      ],
      [
        104.06861,
        29.090386
      ],
      [
        104.06924,
        29.090105
      ],
      [
        104.070909,
        29.089107
      ],
      [
        104.072625,
        29.087926
      ],
      [
        104.073736,
        29.087274
      ],
      [
        104.074771,
        29.08674
      ],
      [
        104.075989,
        29.086257
      ],
      [
        104.07695,
        29.085954
      ],
      [
        104.077882,
        29.085713
      ],
      [
        104.079089,
        29.085484
      ],
      [
        104.082464,
        29.084938
      ],
      [
        104.082586,
        29.084919
      ],
      [
        104.083251,
        29.084811
      ],
      [
        104.088699,
        29.083438
      ],
      [
        104.089182,
        29.083307
      ],
      [
        104.093101,
        29.082235
      ],
      [
        104.095258,
        29.081794
      ],
      [
        104.096598,
        29.081624
      ],
      [
        104.097641,
        29.081569
      ],
      [
        104.098731,
        29.081611
      ],
      [
        104.100171,
        29.081819
      ],
      [
        104.106451,
        29.082848
      ],
      [
        104.107664,
        29.083044
      ],
      [
        104.108946,
        29.083242
      ],
      [
        104.109557,
        29.083314
      ],
      [
        104.109971,
        29.08336
      ],
      [
        104.110351,
        29.083388
      ],
      [
        104.111237,
        29.083454
      ],
      [
        104.11285,
        29.083526
      ],
      [
        104.117947,
        29.083589
      ],
      [
        104.122254,
        29.083616
      ],
      [
        104.123942,
        29.083462
      ],
      [
        104.124738,
        29.083385
      ],
      [
        104.125481,
        29.083222
      ],
      [
        104.127078,
        29.082839
      ],
      [
        104.127556,
        29.082711
      ],
      [
        104.127945,
        29.082551
      ],
      [
        104.128422,
        29.082297
      ],
      [
        104.128684,
        29.08219
      ],
      [
        104.12896,
        29.082104
      ],
      [
        104.129644,
        29.081953
      ],
      [
        104.131439,
        29.081648
      ],
      [
        104.131849,
        29.081591
      ],
      [
        104.134443,
        29.081478
      ],
      [
        104.134903,
        29.081467
      ],
      [
        104.135402,
        29.08142
      ],
      [
        104.135855,
        29.081357
      ],
      [
        104.136195,
        29.081296
      ],
      [
        104.136608,
        29.081205
      ],
      [
        104.13736,
        29.081002
      ],
      [
        104.138139,
        29.080795
      ],
      [
        104.138673,
        29.080623
      ],
      [
        104.139057,
        29.080448
      ],
      [
        104.139318,
        29.080317
      ],
      [
        104.139766,
        29.080053
      ],
      [
        104.140174,
        29.079775
      ],
      [
        104.141342,
        29.078857
      ],
      [
        104.141671,
        29.07858
      ],
      [
        104.142012,
        29.078189
      ],
      [
        104.142411,
        29.077631
      ],
      [
        104.142839,
        29.077025
      ],
      [
        104.145026,
        29.073294
      ],
      [
        104.14536,
        29.07278
      ],
      [
        104.145727,
        29.072271
      ],
      [
        104.146091,
        29.071864
      ],
      [
        104.146609,
        29.07136
      ],
      [
        104.147021,
        29.071045
      ],
      [
        104.147491,
        29.070742
      ],
      [
        104.147967,
        29.070445
      ],
      [
        104.148649,
        29.070031
      ],
      [
        104.149129,
        29.069812
      ],
      [
        104.149621,
        29.069669
      ],
      [
        104.155924,
        29.067947
      ],
      [
        104.157799,
        29.067339
      ],
      [
        104.158117,
        29.067187
      ],
      [
        104.158545,
        29.066913
      ],
      [
        104.159278,
        29.0665
      ],
      [
        104.159666,
        29.066331
      ],
      [
        104.160046,
        29.066175
      ],
      [
        104.16059,
        29.065861
      ],
      [
        104.161074,
        29.065523
      ],
      [
        104.163118,
        29.063753
      ],
      [
        104.165674,
        29.061436
      ],
      [
        104.166155,
        29.061066
      ],
      [
        104.167385,
        29.060147
      ],
      [
        104.167958,
        29.059777
      ],
      [
        104.170973,
        29.058146
      ],
      [
        104.171829,
        29.05764
      ],
      [
        104.172586,
        29.057183
      ],
      [
        104.175909,
        29.05429
      ],
      [
        104.176913,
        29.053478
      ],
      [
        104.177472,
        29.053049
      ],
      [
        104.17797,
        29.052714
      ],
      [
        104.178673,
        29.052287
      ],
      [
        104.179763,
        29.051618
      ],
      [
        104.180452,
        29.051246
      ],
      [
        104.18103,
        29.05098
      ],
      [
        104.18162,
        29.050773
      ],
      [
        104.184736,
        29.049797
      ],
      [
        104.188419,
        29.048714
      ],
      [
        104.190305,
        29.048109
      ],
      [
        104.192166,
        29.047213
      ],
      [
        104.193679,
        29.046308
      ],
      [
        104.195953,
        29.044869
      ],
      [
        104.197037,
        29.044245
      ],
      [
        104.198232,
        29.04362
      ],
      [
        104.198523,
        29.043496
      ],
      [
        104.198855,
        29.04339
      ],
      [
        104.204094,
        29.042104
      ],
      [
        104.204791,
        29.041921
      ],
      [
        104.211025,
        29.040657
      ],
      [
        104.213398,
        29.040158
      ],
      [
        104.216227,
        29.039716
      ],
      [
        104.220085,
        29.039505
      ],
      [
        104.225822,
        29.039169
      ],
      [
        104.226638,
        29.039105
      ],
      [
        104.227613,
        29.038992
      ],
      [
        104.227991,
        29.03892
      ],
      [
        104.228377,
        29.038823
      ],
      [
        104.228797,
        29.03871
      ],
      [
        104.229244,
        29.038576
      ],
      [
        104.229823,
        29.038357
      ],
      [
        104.230396,
        29.038104
      ],
      [
        104.231117,
        29.037756
      ],
      [
        104.231628,
        29.037492
      ],
      [
        104.232636,
        29.036956
      ],
      [
        104.234054,
        29.036175
      ],
      [
        104.234583,
        29.035895
      ],
      [
        104.235111,
        29.035633
      ],
      [
        104.235885,
        29.035259
      ],
      [
        104.236484,
        29.034971
      ],
      [
        104.238981,
        29.033875
      ],
      [
        104.239983,
        29.033471
      ],
      [
        104.24245,
        29.032544
      ],
      [
        104.245286,
        29.031461
      ],
      [
        104.251247,
        29.029211
      ],
      [
        104.253371,
        29.028399
      ],
      [
        104.25453,
        29.027895
      ],
      [
        104.255383,
        29.027423
      ],
      [
        104.256354,
        29.026763
      ],
      [
        104.256845,
        29.026294
      ],
      [
        104.25784,
        29.025469
      ],
      [
        104.258391,
        29.024815
      ],
      [
        104.258729,
        29.024482
      ],
      [
        104.259698,
        29.023379
      ],
      [
        104.260147,
        29.022855
      ],
      [
        104.2604,
        29.022579
      ],
      [
        104.261547,
        29.021447
      ],
      [
        104.262114,
        29.020883
      ],
      [
        104.262557,
        29.020481
      ],
      [
        104.263059,
        29.020079
      ],
      [
        104.264907,
        29.018739
      ],
      [
        104.267424,
        29.017115
      ],
      [
        104.268865,
        29.016121
      ],
      [
        104.269967,
        29.015242
      ],
      [
        104.271145,
        29.014266
      ],
      [
        104.27229,
        29.013212
      ],
      [
        104.273526,
        29.011735
      ],
      [
        104.274706,
        29.010475
      ],
      [
        104.274832,
        29.010336
      ],
      [
        104.277214,
        29.007707
      ],
      [
        104.277263,
        29.007654
      ],
      [
        104.277872,
        29.007085
      ],
      [
        104.278258,
        29.006738
      ],
      [
        104.278665,
        29.00645
      ],
      [
        104.279709,
        29.00565
      ],
      [
        104.280213,
        29.005258
      ],
      [
        104.280806,
        29.004876
      ],
      [
        104.281801,
        29.004294
      ],
      [
        104.282683,
        29.003759
      ],
      [
        104.283818,
        29.003133
      ],
      [
        104.285101,
        29.00242
      ],
      [
        104.285933,
        29.001929
      ],
      [
        104.286493,
        29.001552
      ],
      [
        104.287488,
        29.000935
      ],
      [
        104.288506,
        29.000178
      ],
      [
        104.290035,
        28.998952
      ],
      [
        104.290883,
        28.998199
      ],
      [
        104.292641,
        28.99661
      ],
      [
        104.293486,
        28.995824
      ],
      [
        104.294233,
        28.995166
      ],
      [
        104.295097,
        28.994425
      ],
      [
        104.295652,
        28.993991
      ],
      [
        104.296228,
        28.993608
      ],
      [
        104.297368,
        28.992848
      ],
      [
        104.298001,
        28.992475
      ],
      [
        104.299047,
        28.991942
      ],
      [
        104.300222,
        28.991337
      ],
      [
        104.301866,
        28.990453
      ],
      [
        104.302768,
        28.989904
      ],
      [
        104.303334,
        28.989493
      ],
      [
        104.303677,
        28.989205
      ],
      [
        104.30413,
        28.98878
      ],
      [
        104.304884,
        28.987963
      ],
      [
        104.305538,
        28.987246
      ],
      [
        104.30636,
        28.98623
      ],
      [
        104.307369,
        28.985011
      ],
      [
        104.30786,
        28.984531
      ],
      [
        104.308657,
        28.983793
      ],
      [
        104.309423,
        28.983215
      ],
      [
        104.310638,
        28.982312
      ],
      [
        104.311241,
        28.981889
      ],
      [
        104.311922,
        28.981363
      ],
      [
        104.312477,
        28.980901
      ],
      [
        104.313008,
        28.980389
      ],
      [
        104.313411,
        28.979952
      ],
      [
        104.313764,
        28.979511
      ],
      [
        104.314134,
        28.979001
      ],
      [
        104.31444,
        28.978535
      ],
      [
        104.314722,
        28.978008
      ],
      [
        104.315552,
        28.976364
      ],
      [
        104.316094,
        28.975297
      ],
      [
        104.316647,
        28.974164
      ],
      [
        104.317265,
        28.972998
      ],
      [
        104.317676,
        28.972305
      ],
      [
        104.318213,
        28.971426
      ],
      [
        104.318583,
        28.970858
      ],
      [
        104.319015,
        28.970231
      ],
      [
        104.319675,
        28.969338
      ],
      [
        104.320371,
        28.968485
      ],
      [
        104.320927,
        28.967835
      ],
      [
        104.321853,
        28.966714
      ],
      [
        104.322818,
        28.965641
      ],
      [
        104.324081,
        28.964211
      ],
      [
        104.324467,
        28.963764
      ],
      [
        104.325011,
        28.963102
      ],
      [
        104.327903,
        28.959907
      ],
      [
        104.328257,
        28.959627
      ],
      [
        104.328778,
        28.959214
      ],
      [
        104.329352,
        28.958816
      ],
      [
        104.329931,
        28.958422
      ],
      [
        104.330328,
        28.958205
      ],
      [
        104.330758,
        28.958002
      ],
      [
        104.331135,
        28.957831
      ],
      [
        104.331747,
        28.957588
      ],
      [
        104.332826,
        28.957212
      ],
      [
        104.333772,
        28.956914
      ],
      [
        104.335492,
        28.956373
      ],
      [
        104.336254,
        28.956132
      ],
      [
        104.337411,
        28.955766
      ],
      [
        104.338009,
        28.955577
      ],
      [
        104.341016,
        28.954634
      ],
      [
        104.342591,
        28.954139
      ],
      [
        104.343258,
        28.953926
      ],
      [
        104.343932,
        28.953711
      ],
      [
        104.344445,
        28.953535
      ],
      [
        104.344809,
        28.953408
      ],
      [
        104.345327,
        28.953212
      ],
      [
        104.345758,
        28.953048
      ],
      [
        104.346279,
        28.952807
      ],
      [
        104.346879,
        28.95252
      ],
      [
        104.347592,
        28.952137
      ],
      [
        104.348464,
        28.951645
      ],
      [
        104.349,
        28.95133
      ],
      [
        104.349636,
        28.950918
      ],
      [
        104.350468,
        28.9504
      ],
      [
        104.350889,
        28.950153
      ],
      [
        104.351256,
        28.949956
      ],
      [
        104.351552,
        28.949809
      ],
      [
        104.352141,
        28.949538
      ],
      [
        104.352683,
        28.949305
      ],
      [
        104.353317,
        28.949069
      ],
      [
        104.3544,
        28.948698
      ],
      [
        104.357116,
        28.947811
      ],
      [
        104.357727,
        28.947617
      ],
      [
        104.35849,
        28.94737
      ],
      [
        104.359111,
        28.947157
      ],
      [
        104.359739,
        28.946934
      ],
      [
        104.360449,
        28.946683
      ],
      [
        104.361001,
        28.946453
      ],
      [
        104.361635,
        28.946173
      ],
      [
        104.362264,
        28.94586
      ],
      [
        104.362988,
        28.945457
      ],
      [
        104.36354,
        28.94511
      ],
      [
        104.364147,
        28.944682
      ],
      [
        104.364624,
        28.944327
      ],
      [
        104.365144,
        28.943939
      ],
      [
        104.365653,
        28.943512
      ],
      [
        104.365951,
        28.943259
      ],
      [
        104.366444,
        28.942781
      ],
      [
        104.366822,
        28.942397
      ],
      [
        104.367035,
        28.942181
      ],
      [
        104.367588,
        28.94157
      ],
      [
        104.368237,
        28.94078
      ],
      [
        104.368894,
        28.939953
      ],
      [
        104.36961,
        28.93908
      ],
      [
        104.370299,
        28.938252
      ],
      [
        104.371076,
        28.937364
      ],
      [
        104.371839,
        28.936524
      ],
      [
        104.371971,
        28.936379
      ],
      [
        104.372362,
        28.935938
      ],
      [
        104.372857,
        28.935449
      ],
      [
        104.373283,
        28.935049
      ],
      [
        104.373727,
        28.934669
      ],
      [
        104.374143,
        28.934347
      ],
      [
        104.374532,
        28.934066
      ],
      [
        104.375166,
        28.933655
      ],
      [
        104.37573,
        28.933317
      ],
      [
        104.376343,
        28.93301
      ],
      [
        104.376726,
        28.932836
      ],
      [
        104.377396,
        28.932562
      ],
      [
        104.377864,
        28.932393
      ],
      [
        104.378508,
        28.932189
      ],
      [
        104.379472,
        28.931945
      ],
      [
        104.380051,
        28.931829
      ],
      [
        104.380724,
        28.931715
      ],
      [
        104.381688,
        28.931583
      ],
      [
        104.38238,
        28.931508
      ],
      [
        104.383246,
        28.931431
      ],
      [
        104.384981,
        28.931301
      ],
      [
        104.386574,
        28.931171
      ],
      [
        104.389131,
        28.930971
      ],
      [
        104.389606,
        28.930935
      ],
      [
        104.391146,
        28.930808
      ],
      [
        104.393511,
        28.930615
      ],
      [
        104.395252,
        28.930488
      ],
      [
        104.396102,
        28.930404
      ],
      [
        104.396912,
        28.930301
      ],
      [
        104.397494,
        28.93019
      ],
      [
        104.398353,
        28.930005
      ],
      [
        104.399106,
        28.929796
      ],
      [
        104.399887,
        28.929549
      ],
      [
        104.400769,
        28.929244
      ],
      [
        104.403028,
        28.928359
      ],
      [
        104.404506,
        28.927824
      ],
      [
        104.4066,
        28.927131
      ],
      [
        104.408086,
        28.926683
      ],
      [
        104.410111,
        28.926145
      ],
      [
        104.416776,
        28.924487
      ],
      [
        104.417733,
        28.924248
      ],
      [
        104.418525,
        28.924054
      ],
      [
        104.420819,
        28.92346
      ],
      [
        104.422578,
        28.92304
      ],
      [
        104.42415,
        28.922709
      ],
      [
        104.425094,
        28.922535
      ],
      [
        104.42683,
        28.922251
      ],
      [
        104.42993,
        28.921892
      ],
      [
        104.431671,
        28.921697
      ],
      [
        104.433042,
        28.921488
      ],
      [
        104.433873,
        28.921283
      ],
      [
        104.43464,
        28.921025
      ],
      [
        104.435381,
        28.920729
      ],
      [
        104.436064,
        28.920398
      ],
      [
        104.436923,
        28.919905
      ],
      [
        104.438516,
        28.918936
      ],
      [
        104.440538,
        28.91771
      ],
      [
        104.442059,
        28.916781
      ],
      [
        104.443089,
        28.916163
      ],
      [
        104.4448,
        28.915139
      ],
      [
        104.447177,
        28.913695
      ],
      [
        104.448274,
        28.913003
      ],
      [
        104.44899,
        28.912522
      ],
      [
        104.450015,
        28.911805
      ],
      [
        104.451069,
        28.911009
      ],
      [
        104.452268,
        28.910023
      ],
      [
        104.453292,
        28.909105
      ],
      [
        104.454373,
        28.908131
      ],
      [
        104.454974,
        28.907612
      ],
      [
        104.45576,
        28.906943
      ],
      [
        104.456599,
        28.906332
      ],
      [
        104.457385,
        28.905832
      ],
      [
        104.458335,
        28.905365
      ],
      [
        104.459225,
        28.905006
      ],
      [
        104.460368,
        28.904639
      ],
      [
        104.462235,
        28.904097
      ],
      [
        104.464432,
        28.903456
      ],
      [
        104.46505,
        28.903261
      ],
      [
        104.467536,
        28.902343
      ],
      [
        104.468372,
        28.901972
      ],
      [
        104.468912,
        28.90174
      ],
      [
        104.471043,
        28.900703
      ],
      [
        104.472603,
        28.89992
      ],
      [
        104.47486,
        28.898791
      ],
      [
        104.475547,
        28.898421
      ],
      [
        104.477883,
        28.897161
      ],
      [
        104.47818,
        28.897001
      ],
      [
        104.48076,
        28.895731
      ],
      [
        104.481073,
        28.895562
      ],
      [
        104.481886,
        28.895124
      ],
      [
        104.482355,
        28.894816
      ],
      [
        104.483539,
        28.894038
      ],
      [
        104.484564,
        28.893173
      ],
      [
        104.485741,
        28.892016
      ],
      [
        104.486942,
        28.890744
      ],
      [
        104.487377,
        28.890335
      ],
      [
        104.488351,
        28.88953
      ],
      [
        104.489756,
        28.888675
      ],
      [
        104.490623,
        28.888308
      ],
      [
        104.491077,
        28.888115
      ],
      [
        104.491661,
        28.887898
      ],
      [
        104.493343,
        28.887306
      ],
      [
        104.495565,
        28.886449
      ],
      [
        104.496504,
        28.88607
      ],
      [
        104.49723,
        28.885744
      ],
      [
        104.498161,
        28.885234
      ],
      [
        104.499774,
        28.88419
      ],
      [
        104.501406,
        28.883234
      ],
      [
        104.502652,
        28.882559
      ],
      [
        104.504054,
        28.882056
      ],
      [
        104.50468,
        28.881884
      ],
      [
        104.505376,
        28.881741
      ],
      [
        104.506329,
        28.881558
      ],
      [
        104.5072,
        28.881408
      ],
      [
        104.507999,
        28.881281
      ],
      [
        104.509236,
        28.881143
      ],
      [
        104.512497,
        28.880623
      ],
      [
        104.513284,
        28.88041
      ],
      [
        104.515573,
        28.879766
      ],
      [
        104.517608,
        28.879028
      ],
      [
        104.518915,
        28.878479
      ],
      [
        104.523262,
        28.876698
      ],
      [
        104.528712,
        28.874415
      ],
      [
        104.529317,
        28.874183
      ],
      [
        104.530229,
        28.873851
      ],
      [
        104.532309,
        28.872887
      ],
      [
        104.534342,
        28.87203
      ],
      [
        104.537427,
        28.870333
      ],
      [
        104.540897,
        28.868233
      ],
      [
        104.542849,
        28.867122
      ],
      [
        104.543805,
        28.866619
      ],
      [
        104.544905,
        28.866215
      ],
      [
        104.547105,
        28.865713
      ],
      [
        104.549391,
        28.865432
      ],
      [
        104.55233,
        28.865172
      ],
      [
        104.554254,
        28.864903
      ],
      [
        104.555468,
        28.864634
      ],
      [
        104.557003,
        28.864186
      ],
      [
        104.558776,
        28.863508
      ],
      [
        104.560268,
        28.862938
      ],
      [
        104.562301,
        28.862163
      ],
      [
        104.56282,
        28.861974
      ],
      [
        104.563758,
        28.861636
      ],
      [
        104.564873,
        28.86128
      ],
      [
        104.565505,
        28.861109
      ],
      [
        104.566026,
        28.860985
      ],
      [
        104.566567,
        28.860863
      ],
      [
        104.567196,
        28.860746
      ],
      [
        104.567882,
        28.860645
      ],
      [
        104.568419,
        28.860576
      ],
      [
        104.56902,
        28.860519
      ],
      [
        104.569775,
        28.860443
      ],
      [
        104.570754,
        28.860356
      ],
      [
        104.572011,
        28.860277
      ],
      [
        104.573182,
        28.860206
      ],
      [
        104.574304,
        28.860126
      ],
      [
        104.575282,
        28.860018
      ],
      [
        104.575713,
        28.859963
      ],
      [
        104.57601,
        28.859921
      ],
      [
        104.576656,
        28.859805
      ],
      [
        104.578432,
        28.859422
      ],
      [
        104.582463,
        28.858339
      ],
      [
        104.583022,
        28.858168
      ],
      [
        104.583608,
        28.858012
      ],
      [
        104.584093,
        28.857915
      ],
      [
        104.584587,
        28.857832
      ],
      [
        104.58563,
        28.857716
      ],
      [
        104.586541,
        28.857667
      ],
      [
        104.587286,
        28.857644
      ],
      [
        104.588027,
        28.857663
      ],
      [
        104.589269,
        28.857718
      ],
      [
        104.590726,
        28.85777
      ],
      [
        104.591635,
        28.857781
      ],
      [
        104.592868,
        28.857917
      ],
      [
        104.594376,
        28.857977
      ],
      [
        104.595654,
        28.857956
      ],
      [
        104.59689,
        28.857936
      ],
      [
        104.59785,
        28.857919
      ],
      [
        104.598199,
        28.857879
      ],
      [
        104.600399,
        28.857587
      ],
      [
        104.601427,
        28.85751
      ],
      [
        104.603706,
        28.85727
      ],
      [
        104.604746,
        28.857214
      ],
      [
        104.605771,
        28.857181
      ],
      [
        104.606893,
        28.857137
      ],
      [
        104.607529,
        28.857201
      ],
      [
        104.60836,
        28.857278
      ],
      [
        104.608941,
        28.857322
      ],
      [
        104.609518,
        28.857394
      ],
      [
        104.611622,
        28.85781
      ],
      [
        104.615138,
        28.858582
      ],
      [
        104.618775,
        28.859343
      ],
      [
        104.619513,
        28.859499
      ],
      [
        104.620653,
        28.859742
      ],
      [
        104.621444,
        28.85991
      ],
      [
        104.627005,
        28.861091
      ],
      [
        104.628277,
        28.8613
      ],
      [
        104.629927,
        28.861439
      ],
      [
        104.631249,
        28.861459
      ],
      [
        104.632241,
        28.861419
      ],
      [
        104.633541,
        28.86128
      ],
      [
        104.635121,
        28.860982
      ],
      [
        104.636961,
        28.860475
      ],
      [
        104.638734,
        28.859828
      ],
      [
        104.640358,
        28.859055
      ],
      [
        104.64133,
        28.858634
      ],
      [
        104.642967,
        28.857966
      ],
      [
        104.643556,
        28.857615
      ],
      [
        104.644074,
        28.857154
      ],
      [
        104.644475,
        28.856595
      ],
      [
        104.644728,
        28.856013
      ],
      [
        104.644777,
        28.855745
      ],
      [
        104.644827,
        28.855477
      ],
      [
        104.64481,
        28.854738
      ],
      [
        104.644597,
        28.853878
      ],
      [
        104.644074,
        28.852968
      ],
      [
        104.643486,
        28.852124
      ],
      [
        104.642298,
        28.850447
      ],
      [
        104.641176,
        28.84883
      ],
      [
        104.640202,
        28.847428
      ],
      [
        104.639083,
        28.845819
      ],
      [
        104.637872,
        28.844098
      ],
      [
        104.636802,
        28.842528
      ],
      [
        104.636024,
        28.841249
      ],
      [
        104.635046,
        28.83946
      ],
      [
        104.634539,
        28.83842
      ],
      [
        104.634345,
        28.837999
      ],
      [
        104.634153,
        28.837578
      ],
      [
        104.633801,
        28.836712
      ],
      [
        104.633712,
        28.836495
      ],
      [
        104.633272,
        28.835395
      ],
      [
        104.632824,
        28.834329
      ],
      [
        104.632208,
        28.833072
      ],
      [
        104.631589,
        28.832134
      ],
      [
        104.63076,
        28.831188
      ],
      [
        104.630109,
        28.8306
      ],
      [
        104.629696,
        28.830278
      ],
      [
        104.628905,
        28.829695
      ],
      [
        104.628366,
        28.82936
      ],
      [
        104.626508,
        28.828363
      ],
      [
        104.625548,
        28.827867
      ],
      [
        104.624812,
        28.827398
      ],
      [
        104.624095,
        28.82693
      ],
      [
        104.623615,
        28.826547
      ],
      [
        104.623162,
        28.826137
      ],
      [
        104.622254,
        28.825179
      ],
      [
        104.621046,
        28.823843
      ],
      [
        104.619924,
        28.822532
      ],
      [
        104.615831,
        28.817785
      ],
      [
        104.61476,
        28.816554
      ],
      [
        104.613494,
        28.815104
      ],
      [
        104.612537,
        28.814112
      ],
      [
        104.611252,
        28.812927
      ],
      [
        104.61005,
        28.812019
      ],
      [
        104.608862,
        28.811051
      ],
      [
        104.607551,
        28.810064
      ],
      [
        104.606677,
        28.80935
      ],
      [
        104.605587,
        28.808624
      ],
      [
        104.604126,
        28.80762
      ],
      [
        104.603608,
        28.807261
      ],
      [
        104.603372,
        28.807113
      ],
      [
        104.603121,
        28.807025
      ],
      [
        104.602889,
        28.807017
      ],
      [
        104.602592,
        28.807098
      ],
      [
        104.602454,
        28.807242
      ],
      [
        104.60237,
        28.807423
      ],
      [
        104.602354,
        28.807593
      ],
      [
        104.602409,
        28.807759
      ],
      [
        104.6025,
        28.807905
      ],
      [
        104.602628,
        28.807998
      ],
      [
        104.602801,
        28.808091
      ],
      [
        104.603006,
        28.808114
      ],
      [
        104.603153,
        28.808091
      ],
      [
        104.603326,
        28.808023
      ],
      [
        104.603589,
        28.807792
      ],
      [
        104.604411,
        28.806401
      ],
      [
        104.605074,
        28.805229
      ],
      [
        104.605275,
        28.804854
      ],
      [
        104.605663,
        28.804088
      ],
      [
        104.605822,
        28.803604
      ],
      [
        104.605901,
        28.803223
      ],
      [
        104.60593,
        28.802818
      ],
      [
        104.605959,
        28.802599
      ],
      [
        104.60601,
        28.802226
      ],
      [
        104.606017,
        28.801964
      ],
      [
        104.606079,
        28.799626
      ],
      [
        104.606079,
        28.799501
      ],
      [
        104.606081,
        28.798144
      ],
      [
        104.606088,
        28.798022
      ],
      [
        104.606099,
        28.797831
      ],
      [
        104.60603,
        28.797801
      ],
      [
        104.605975,
        28.797754
      ],
      [
        104.605936,
        28.797696
      ],
      [
        104.605919,
        28.79763
      ],
      [
        104.605923,
        28.79757
      ],
      [
        104.605944,
        28.797512
      ],
      [
        104.605982,
        28.797462
      ],
      [
        104.606045,
        28.797415
      ],
      [
        104.606121,
        28.797388
      ],
      [
        104.606203,
        28.797383
      ],
      [
        104.606555,
        28.796774
      ],
      [
        104.606898,
        28.796141
      ],
      [
        104.607124,
        28.795756
      ],
      [
        104.607349,
        28.795389
      ],
      [
        104.607537,
        28.795142
      ],
      [
        104.607802,
        28.794881
      ],
      [
        104.608078,
        28.794637
      ],
      [
        104.608344,
        28.794433
      ],
      [
        104.608644,
        28.794237
      ],
      [
        104.608985,
        28.794047
      ],
      [
        104.609361,
        28.793885
      ],
      [
        104.609656,
        28.793777
      ],
      [
        104.609918,
        28.793694
      ],
      [
        104.610157,
        28.79364
      ],
      [
        104.610374,
        28.793603
      ],
      [
        104.610517,
        28.793579
      ],
      [
        104.610812,
        28.793544
      ],
      [
        104.611074,
        28.793525
      ],
      [
        104.611659,
        28.793516
      ],
      [
        104.612006,
        28.793491
      ],
      [
        104.612092,
        28.79348
      ],
      [
        104.61223,
        28.793458
      ],
      [
        104.612464,
        28.793374
      ],
      [
        104.612641,
        28.793246
      ],
      [
        104.612687,
        28.793187
      ],
      [
        104.612717,
        28.793115
      ],
      [
        104.612733,
        28.793041
      ],
      [
        104.612749,
        28.792946
      ],
      [
        104.612758,
        28.792836
      ],
      [
        104.612748,
        28.79275
      ],
      [
        104.612715,
        28.792629
      ],
      [
        104.612671,
        28.792505
      ],
      [
        104.612234,
        28.791436
      ],
      [
        104.61202,
        28.790755
      ],
      [
        104.611927,
        28.790489
      ],
      [
        104.611794,
        28.79006
      ],
      [
        104.61165,
        28.789464
      ],
      [
        104.611486,
        28.788599
      ],
      [
        104.611459,
        28.788188
      ],
      [
        104.611483,
        28.787583
      ],
      [
        104.611599,
        28.786772
      ],
      [
        104.611717,
        28.786342
      ],
      [
        104.61188,
        28.785914
      ],
      [
        104.612358,
        28.78476
      ],
      [
        104.612609,
        28.784087
      ],
      [
        104.612942,
        28.783335
      ],
      [
        104.613137,
        28.782961
      ],
      [
        104.613408,
        28.782576
      ],
      [
        104.613475,
        28.782487
      ],
      [
        104.61358,
        28.782348
      ],
      [
        104.613953,
        28.781957
      ],
      [
        104.614261,
        28.781563
      ],
      [
        104.614524,
        28.781233
      ],
      [
        104.614709,
        28.780991
      ],
      [
        104.614774,
        28.780879
      ],
      [
        104.614938,
        28.780596
      ],
      [
        104.615122,
        28.780154
      ],
      [
        104.615169,
        28.77991
      ],
      [
        104.615271,
        28.779299
      ],
      [
        104.615346,
        28.778735
      ],
      [
        104.61551,
        28.776437
      ],
      [
        104.615564,
        28.776219
      ],
      [
        104.615782,
        28.775928
      ],
      [
        104.616488,
        28.775092
      ],
      [
        104.616662,
        28.774896
      ],
      [
        104.616905,
        28.774676
      ],
      [
        104.617108,
        28.774547
      ],
      [
        104.61774,
        28.774272
      ],
      [
        104.617828,
        28.774232
      ],
      [
        104.618028,
        28.774141
      ],
      [
        104.618161,
        28.774047
      ],
      [
        104.618254,
        28.773947
      ],
      [
        104.618353,
        28.773748
      ],
      [
        104.618557,
        28.773411
      ],
      [
        104.618712,
        28.773248
      ],
      [
        104.618864,
        28.773089
      ],
      [
        104.619225,
        28.772638
      ],
      [
        104.619293,
        28.772553
      ],
      [
        104.620237,
        28.770769
      ],
      [
        104.620417,
        28.770343
      ],
      [
        104.620934,
        28.770607
      ],
      [
        104.622709,
        28.771497
      ],
      [
        104.622883,
        28.771604
      ],
      [
        104.623293,
        28.771827
      ],
      [
        104.624589,
        28.772374
      ],
      [
        104.624918,
        28.77179
      ],
      [
        104.624946,
        28.771742
      ],
      [
        104.624964,
        28.771709
      ],
      [
        104.625148,
        28.771386
      ],
      [
        104.625288,
        28.77114
      ],
      [
        104.625602,
        28.770588
      ],
      [
        104.625739,
        28.770366
      ],
      [
        104.626045,
        28.77007
      ],
      [
        104.626071,
        28.770043
      ],
      [
        104.626095,
        28.770018
      ],
      [
        104.626117,
        28.769995
      ],
      [
        104.626214,
        28.769891
      ],
      [
        104.626582,
        28.769337
      ],
      [
        104.627072,
        28.7686
      ],
      [
        104.627116,
        28.768533
      ],
      [
        104.627129,
        28.768473
      ],
      [
        104.627136,
        28.768392
      ],
      [
        104.627316,
        28.768177
      ],
      [
        104.629651,
        28.765376
      ],
      [
        104.630258,
        28.764529
      ],
      [
        104.630915,
        28.763532
      ],
      [
        104.630961,
        28.763446
      ],
      [
        104.632178,
        28.761548
      ],
      [
        104.632403,
        28.761197
      ],
      [
        104.633498,
        28.759925
      ],
      [
        104.633598,
        28.759826
      ],
      [
        104.633705,
        28.759757
      ],
      [
        104.635285,
        28.758809
      ],
      [
        104.63561,
        28.758598
      ],
      [
        104.636394,
        28.758204
      ],
      [
        104.635025,
        28.755926
      ],
      [
        104.634943,
        28.755786
      ],
      [
        104.635843,
        28.755341
      ],
      [
        104.636973,
        28.754828
      ],
      [
        104.637769,
        28.75452
      ],
      [
        104.637963,
        28.75445
      ],
      [
        104.638221,
        28.7544
      ],
      [
        104.63847,
        28.754367
      ],
      [
        104.638553,
        28.754372
      ],
      [
        104.638805,
        28.754363
      ],
      [
        104.639133,
        28.754407
      ],
      [
        104.639527,
        28.754461
      ],
      [
        104.639737,
        28.754548
      ],
      [
        104.639842,
        28.754624
      ],
      [
        104.640254,
        28.754718
      ],
      [
        104.640422,
        28.754756
      ],
      [
        104.641459,
        28.755043
      ],
      [
        104.641785,
        28.755131
      ],
      [
        104.642102,
        28.755137
      ],
      [
        104.642485,
        28.755241
      ],
      [
        104.642885,
        28.753494
      ],
      [
        104.643217,
        28.752167
      ],
      [
        104.643242,
        28.752
      ],
      [
        104.643199,
        28.751651
      ],
      [
        104.643029,
        28.751384
      ]
    ],
    "type": "LineString"
  }
}
